
elastix is started at Fri Sep 18 12:39:10 2026.

which elastix:   ./tools/elastix/bin/elastix
  elastix version: 5.3.1
  Git revision SHA: ef34ca99d84c226d1bb72d534c8a201526a5c034
  Git revision date: Tue Mar 17 16:49:15 2026 +0100
  Build date: Mar 17 2026 15:57:24
  Compiler: Clang version Apple LLVM 15.0.0 (clang-1500.3.9.4)
  Compiler: GCC version Apple LLVM 15.0.0 (clang-1500.3.9.4)
  Memory address size: 64-bit
  CMake version: 4.2.3
  ITK version: 5.4.5

Command-line arguments: 
  -f examples/affine_example/output/fixed.tif -m examples/affine_example/output/moving_affine.tif -p examples/affine_example/rigid.txt -p examples/affine_example/affine.txt -out examples/affine_example/output/alignment_rigid_affine

elastix runs at: Danis-MacBook-Neo.local
  macOS 26.6.2 (x64), 25G83
  with 8192 MB memory, and 6 cores @ 0 MHz.
-------------------------------------------------------------------------

Running elastix with parameter file 0: "examples/affine_example/rigid.txt".

Current time: Fri Sep 18 12:39:10 2026.
Reading the elastix parameters from file ...

Installing all components.
InstallingComponents was successful.

ELASTIX version: 5.3.1
Git revision SHA: ef34ca99d84c226d1bb72d534c8a201526a5c034
Git revision date: Tue Mar 17 16:49:15 2026 +0100
Command line options from ElastixBase:
-f        examples/affine_example/output/fixed.tif
-m        examples/affine_example/output/moving_affine.tif
-fMask    unspecified, so no fixed mask used
-mMask    unspecified, so no moving mask used
-out      examples/affine_example/output/alignment_rigid_affine/
-p        examples/affine_example/rigid.txt
-p        examples/affine_example/affine.txt
-threads  unspecified, so all available threads are used
WARNING: The parameter "UseDirectionCosines", requested at entry number 0, does not exist at all.
  The default value "true" is used instead.

WARNING: The option "UseDirectionCosines" was not found in your parameter file.
  From elastix 4.8 it defaults to true!
This may change the behavior of your registrations considerably.

Command line options from TransformBase:
-t0       unspecified, so no initial transform used

=============== start of ParameterFile: examples/affine_example/rigid.txt ===============
(FixedImageDimension 3)
(MovingImageDimension 3)
(FixedInternalImagePixelType "float")
(MovingInternalImagePixelType "float")

(Registration "MultiResolutionRegistration")
(Transform "AffineTransform")
(AutomaticScalesEstimation "true")
(Metric "AdvancedMeanSquares")
(Optimizer "AdaptiveStochasticGradientDescent")

(FixedImagePyramid "FixedRecursiveImagePyramid")
(MovingImagePyramid "MovingRecursiveImagePyramid")
(NumberOfResolutions 3)

(ImageSampler "Full")
(AutomaticParameterEstimation "true")
(MaximumNumberOfIterations 512)

(Interpolator "BSplineInterpolator")
(BSplineInterpolationOrder 1)
(Resampler "DefaultResampler")
(ResampleInterpolator "FinalBSplineInterpolator")
(FinalBSplineInterpolationOrder 1)

(DefaultPixelValue 0)
(WriteResultImage "true")
(ResultImageFormat "tif")
(ResultImagePixelType "float")

=============== end of ParameterFile: examples/affine_example/rigid.txt ===============


Reading images...
Reading images took 11 ms.

WARNING: the fixed pyramid schedule is not fully specified!
  A default pyramid schedule is used.
WARNING: the moving pyramid schedule is not fully specified!
  A default pyramid schedule is used.
WARNING: The parameter "AutomaticTransformInitialization", requested at entry number 0, does not exist at all.
  The default value "false" is used instead.
WARNING: The parameter "AutomaticTransformInitializationMethod", requested at entry number 0, does not exist at all.
  The default value "GeometricalCenter" is used instead.
Transform parameters are initialized as: [1, 0, 0, 0, 1, 0, 0, 0, 1, 0, 0, 0]
InitializeTransform took 0.00s
Scales are estimated automatically.
Scales for transform parameters are: [2697.9166666666665, 2131.25, 131.25, 2697.9166666666665, 2131.25, 131.25, 2697.9166666666665, 2131.25, 131.25, 1, 1, 1]
Initialization of all components (before registration) took: 3 ms.
Preparation of the image pyramids took: 22 ms.

Resolution: 0
WARNING: The parameter "NewSamplesEveryIteration", requested at entry number 0, does not exist at all.
  The default value "false" is used instead.
WARNING: The parameter "ShowExactMetricValue", requested at entry number 0, does not exist at all.
  The default value "false" is used instead.
WARNING: The parameter "CheckNumberOfSamples", requested at entry number 0, does not exist at all.
  The default value "true" is used instead.
WARNING: The parameter "UseMultiThreadingForMetrics", requested at entry number 0, does not exist at all.
  The default value "true" is used instead.
WARNING: The parameter "NewSamplesEveryIteration", requested at entry number 0, does not exist at all.
  The default value "false" is used instead.
Setting the fixed masks took: 0 ms.
Setting the moving masks took: 0 ms.
WARNING: The parameter "UseNormalization", requested at entry number 0, does not exist at all.
  The default value "false" is used instead.
WARNING: The parameter "SP_A", requested at entry number 0, does not exist at all.
  The default value "20" is used instead.
WARNING: The parameter "MaximumNumberOfSamplingAttempts", requested at entry number 0, does not exist at all.
  The default value "0" is used instead.
WARNING: The parameter "SigmoidInitialTime", requested at entry number 0, does not exist at all.
  The default value "0" is used instead.
WARNING: The parameter "MaxBandCovSize", requested at entry number 0, does not exist at all.
  The default value "192" is used instead.
WARNING: The parameter "NumberOfBandStructureSamples", requested at entry number 0, does not exist at all.
  The default value "10" is used instead.
WARNING: The parameter "UseAdaptiveStepSizes", requested at entry number 0, does not exist at all.
  The default value "true" is used instead.
WARNING: The parameter "UseConstantStep", requested at entry number 0, does not exist at all.
  The default value "false" is used instead.
WARNING: The parameter "MaximumStepLengthRatio", requested at entry number 0, does not exist at all.
  The default value "1" is used instead.
WARNING: The parameter "MaximumStepLength", requested at entry number 0, does not exist at all.
  The default value "1" is used instead.
WARNING: The parameter "NumberOfGradientMeasurements", requested at entry number 0, does not exist at all.
  The default value "0" is used instead.
WARNING: The parameter "NumberOfJacobianMeasurements", requested at entry number 0, does not exist at all.
  The default value "1000" is used instead.
WARNING: The parameter "NumberOfSamplesForExactGradient", requested at entry number 0, does not exist at all.
  The default value "100000" is used instead.
WARNING: The parameter "SigmoidScaleFactor", requested at entry number 0, does not exist at all.
  The default value "0.1" is used instead.
Elastix initialization of all components (for this resolution) took: 0 ms.
Initialization of AdvancedMeanSquares metric took: 0 ms.
Starting automatic parameter estimation for AdaptiveStochasticGradientDescent ...
WARNING: The parameter "ASGDParameterEstimationMethod", requested at entry number 0, does not exist at all.
  The default value "Original" is used instead.
  Computing JacobianTerms ...
  Computing the Jacobian terms took 0.001059s
  NumberOfGradientMeasurements to estimate sigma_i: 3
  Sampling gradients ...
  Sampling the gradients took 0.003030s
Automatic parameter estimation took 0.00s
1:ItNr	2:Metric	3a:Time	3b:StepSize	4:||Gradient||	Time[ms]
0	71.865422	0.000000	0.030655	11.783097	5.9
1	67.680745	0.000000	0.030655	15.510130	0.8
2	60.771871	0.000000	0.030655	13.560224	0.8
3	55.491209	0.000000	0.030655	11.846779	0.8
4	51.461108	0.000000	0.030655	10.348367	0.7
5	48.385918	0.000000	0.030655	9.040875	0.7
6	46.038226	0.000000	0.030655	7.903103	0.8
7	44.228176	0.000000	0.030655	7.466474	1.0
8	42.286840	0.000000	0.030655	9.339721	1.0
9	39.793524	0.000000	0.030655	7.949670	1.1
10	37.949639	0.000000	0.030655	7.229667	0.8
11	36.421422	0.000000	0.030655	6.559109	0.7
12	35.165223	0.000000	0.030655	5.933698	0.8
13	34.136659	0.000000	0.030655	5.374485	0.9
14	33.293005	0.000000	0.030655	4.867946	0.7
15	32.579879	0.000000	0.030655	4.944750	0.8
16	31.781965	0.000000	0.030655	5.413747	0.7
17	30.919985	0.000000	0.030655	4.877707	0.8
18	30.241195	0.000000	0.030655	4.247314	0.8
19	29.715019	0.000000	0.030655	3.863100	0.8
20	29.272969	0.000000	0.030655	3.606289	0.7
21	28.886211	0.000000	0.030655	3.401334	0.8
22	28.539876	0.000000	0.030655	3.250504	0.8
23	28.220863	0.000000	0.030655	3.154016	0.7
24	27.921209	0.000000	0.030655	3.038161	0.7
25	27.643748	0.000000	0.030655	2.918348	0.7
26	27.387946	0.000000	0.030655	2.800877	0.7
27	27.152121	0.000000	0.030655	2.691282	0.7
28	26.934344	0.000000	0.030655	2.585972	1.0
29	26.733398	0.000000	0.030655	2.481846	1.3
30	26.548244	0.000000	0.030655	2.384949	0.8
31	26.377517	0.000000	0.030655	2.276761	0.7
32	26.222444	0.000000	0.030655	2.174303	0.7
33	26.081564	0.000000	0.030655	2.032635	0.7
34	25.958099	0.000000	0.030655	1.950010	0.7
35	25.844176	0.000000	0.030655	1.849350	0.8
36	25.741922	0.000000	0.030655	1.779950	0.8
37	25.646033	0.000000	0.030655	1.733400	0.7
38	25.555385	0.000000	0.030655	1.671986	0.8
39	25.470820	0.000000	0.030655	1.633500	0.8
40	25.389938	0.000000	0.030655	1.598965	0.8
41	25.312215	0.000000	0.030655	1.571988	0.8
42	25.237533	0.000000	0.030655	1.528500	0.8
43	25.166598	0.000000	0.030655	1.502152	0.7
44	25.097963	0.000000	0.030655	1.479352	0.7
45	25.031367	0.000000	0.030655	1.458141	0.7
46	24.965766	0.000000	0.030655	1.457230	0.7
47	24.901222	0.000000	0.030655	1.434425	0.7
48	24.838210	0.000000	0.030655	1.446571	0.7
49	24.774453	0.000000	0.030655	1.440639	1.1
50	24.710315	0.000000	0.030655	1.446033	1.0
51	24.645773	0.000000	0.030655	1.462822	0.7
52	24.580476	0.000000	0.030655	1.458415	0.7
53	24.515424	0.000000	0.030655	1.452084	0.7
54	24.450652	0.000000	0.030655	1.449481	0.7
55	24.386433	0.000000	0.030655	1.444316	0.7
56	24.322796	0.000000	0.030655	1.435840	0.8
57	24.259684	0.000000	0.030655	1.427112	0.7
58	24.197400	0.000000	0.030655	1.416831	0.7
59	24.136124	0.000000	0.030655	1.405126	0.8
60	24.075798	0.000000	0.030655	1.396783	0.7
61	24.016190	0.000000	0.030655	1.387814	0.8
62	23.957438	0.000000	0.030655	1.373011	0.8
63	23.899915	0.000000	0.030655	1.363739	0.8
64	23.843098	0.000000	0.030655	1.353224	0.7
65	23.787195	0.000000	0.030655	1.341042	0.7
66	23.732506	0.000000	0.030655	1.321027	0.7
67	23.679220	0.000000	0.030655	1.309433	0.7
68	23.499336	0.000000	0.030655	1.298538	0.7
69	23.448025	0.000000	0.030655	1.280185	0.7
70	23.398221	0.000000	0.030655	1.260253	0.8
71	23.117135	0.000000	0.030655	1.245776	0.9
72	23.069859	0.000000	0.030655	1.230086	1.0
73	22.788228	0.000000	0.030655	1.212710	0.7
74	22.743457	0.000000	0.030655	1.195103	0.7
75	22.512029	0.000000	0.030655	1.180901	0.7
76	22.447310	0.000000	0.030655	1.166241	0.8
77	22.405910	0.000000	0.030655	1.150643	0.7
78	22.189188	0.000000	0.030655	1.136002	0.7
79	22.147280	0.000000	0.030655	1.121287	0.7
80	22.029107	0.000000	0.030655	1.107897	0.7
81	21.922516	0.000000	0.030655	1.094775	0.7
82	21.885243	0.000000	0.030655	1.080511	0.8
83	21.732495	0.000000	0.030655	1.067911	0.8
84	21.688143	0.000000	0.030655	1.057306	0.7
85	21.652496	0.000000	0.030655	1.049042	0.7
86	21.512814	0.000000	0.030655	1.041725	0.7
87	21.477072	0.000000	0.030655	1.037943	0.7
88	21.442817	0.000000	0.030655	1.031549	0.7
89	21.319946	0.000000	0.030655	1.024486	0.8
90	21.285585	0.000000	0.030655	1.020440	0.7
91	21.252352	0.000000	0.030655	1.017982	0.7
92	21.145500	0.000000	0.030655	1.015863	0.7
93	21.112482	0.000000	0.030655	1.014262	1.1
94	21.079694	0.000000	0.030655	1.012334	0.8
95	20.989636	0.000000	0.030655	1.020995	0.7
96	20.954091	0.000000	0.030655	1.023126	0.8
97	20.920893	0.000000	0.030655	1.025607	0.7
98	20.841923	0.000000	0.030655	1.026357	0.7
99	20.807353	0.000000	0.030655	1.024711	0.7
100	20.774179	0.000000	0.030655	1.022094	0.7
101	20.717780	0.000000	0.030655	1.021381	0.7
102	20.675422	0.000000	0.030655	1.016466	0.7
103	20.643036	0.000000	0.030655	1.007519	0.8
104	20.611055	0.000000	0.030655	1.004580	1.0
105	20.560574	0.000000	0.030655	0.999759	0.8
106	20.524395	0.000000	0.030655	0.995557	0.7
107	20.493202	0.000000	0.030655	0.986270	0.7
108	20.462558	0.000000	0.030655	0.976508	0.7
109	20.421132	0.000000	0.030655	0.975624	0.7
110	20.392477	0.000000	0.030655	0.966957	0.7
111	20.363038	0.000000	0.030655	0.959847	0.7
112	20.333865	0.000000	0.030655	0.950893	0.8
113	20.304457	0.000000	0.030655	0.943122	0.7
114	20.274589	0.000000	0.030655	0.937132	0.7
115	20.247271	0.000000	0.030655	0.928547	1.0
116	20.220450	0.000000	0.030655	0.919770	0.8
117	20.193599	0.000000	0.030655	0.913030	0.7
118	20.167364	0.000000	0.030655	0.903233	0.7
119	20.141655	0.000000	0.030655	0.894756	0.8
120	20.116894	0.000000	0.030655	0.886955	0.7
121	20.092097	0.000000	0.030655	0.880814	0.7
122	20.068001	0.000000	0.030655	0.870450	0.7
123	20.044149	0.000000	0.030655	0.862275	0.7
124	20.021148	0.000000	0.030655	0.857985	0.7
125	19.998417	0.000000	0.030655	0.849679	0.8
126	19.975912	0.000000	0.030655	0.842211	0.7
127	19.954040	0.000000	0.030655	0.834578	0.7
128	19.932511	0.000000	0.030655	0.827089	0.9
129	19.911273	0.000000	0.030655	0.820372	0.7
130	19.890588	0.000000	0.030655	0.812997	0.7
131	19.870266	0.000000	0.030655	0.806489	0.7
132	19.850827	0.000000	0.030655	0.799337	0.7
133	19.831256	0.000000	0.030655	0.792910	0.7
134	19.811941	0.000000	0.030655	0.789389	0.7
135	19.792984	0.000000	0.030655	0.782045	0.7
136	19.774732	0.000000	0.030655	0.775724	0.8
137	19.756507	0.000000	0.030655	0.769575	1.0
138	19.739508	0.000000	0.030655	0.763936	1.0
139	19.722553	0.000000	0.030655	0.758260	0.7
140	19.705126	0.000000	0.030655	0.752219	0.7
141	19.687962	0.000000	0.030655	0.746520	0.7
142	19.671222	0.000000	0.030655	0.742203	0.9
143	19.654487	0.000000	0.030655	0.737051	0.7
144	19.638728	0.000000	0.030655	0.732118	0.7
145	19.623450	0.000000	0.030655	0.726959	0.7
146	19.608126	0.000000	0.030655	0.722393	0.7
147	19.592541	0.000000	0.030655	0.718274	0.7
148	19.577087	0.000000	0.030655	0.714108	0.8
149	19.562396	0.000000	0.030655	0.709928	0.8
150	19.547210	0.000000	0.030655	0.706739	0.7
151	19.532934	0.000000	0.030655	0.702099	0.7
152	19.518379	0.000000	0.030655	0.700433	0.7
153	19.504156	0.000000	0.030655	0.696743	0.7
154	19.490284	0.000000	0.030655	0.692828	0.8
155	19.476059	0.000000	0.030655	0.688670	0.7
156	19.462171	0.000000	0.030655	0.685991	12.4
157	19.448559	0.000000	0.030655	0.682262	11.8
158	19.434657	0.000000	0.030655	0.679071	2.0
159	19.421242	0.000000	0.030655	0.676085	1.2
160	19.407711	0.000000	0.030655	0.672507	1.2
161	19.394608	0.000000	0.030655	0.669182	7.2
162	19.381544	0.000000	0.030655	0.665582	1.0
163	19.369228	0.000000	0.030655	0.661671	1.0
164	19.356898	0.000000	0.030655	0.659105	0.8
165	19.344572	0.000000	0.030655	0.656522	0.8
166	19.331357	0.000000	0.030655	0.653488	0.8
167	19.318614	0.000000	0.030655	0.653500	0.8
168	19.306065	0.000000	0.030655	0.649436	0.8
169	19.293326	0.000000	0.030655	0.646228	0.8
170	19.282001	0.000000	0.030655	0.642750	0.8
171	19.273294	0.000000	0.030655	0.642917	0.8
172	19.325566	0.000000	0.030655	0.642189	0.8
173	19.417870	0.000000	0.030655	0.641678	0.7
174	19.488989	0.000000	0.030655	0.640625	0.7
175	19.508309	0.000000	0.030655	0.637752	0.8
176	19.509509	0.000000	0.030655	0.635353	0.7
177	19.505220	0.000000	0.030655	0.631486	0.8
178	19.496381	0.000000	0.030655	0.628514	0.7
179	19.351151	0.000000	0.030655	0.630291	0.7
180	19.338577	0.000000	0.030655	0.630393	1.0
181	19.329093	0.000000	0.030655	0.627557	1.1
182	19.318074	0.000000	0.030655	0.624605	1.0
183	19.179044	0.000000	0.030655	0.628772	0.8
184	19.057002	0.000000	0.030655	0.620248	0.7
185	19.046670	0.000000	0.030655	0.619055	0.7
186	19.036230	0.000000	0.030655	0.616052	0.7
187	19.025333	0.000000	0.030655	0.612962	0.7
188	18.897499	0.000000	0.030655	0.616713	0.8
189	18.768156	0.000000	0.030655	0.604806	0.9
190	18.759253	0.000000	0.030655	0.603069	0.8
191	18.749920	0.000000	0.030655	0.601265	0.8
192	18.740926	0.000000	0.030655	0.599649	0.7
193	18.621010	0.000000	0.030655	0.602241	0.7
194	18.526096	0.000000	0.030655	0.595920	0.7
195	18.499992	0.000000	0.030655	0.594156	0.8
196	18.491836	0.000000	0.030655	0.591164	0.7
197	18.481538	0.000000	0.030655	0.589612	0.7
198	18.472276	0.000000	0.030655	0.587362	0.7
199	18.290987	0.000000	0.030655	0.585842	0.7
200	18.269555	0.000000	0.030655	0.583021	0.8
201	18.258724	0.000000	0.030655	0.581555	1.0
202	18.249431	0.000000	0.030655	0.579225	0.8
203	18.240479	0.000000	0.030655	0.576886	0.8
204	18.231474	0.000000	0.030655	0.574725	0.7
205	18.071092	0.000000	0.030655	0.569051	0.6
206	18.039706	0.000000	0.030655	0.553300	0.7
207	18.033131	0.000000	0.030655	0.547639	0.7
208	18.032632	0.000000	0.030655	0.546415	0.7
209	18.029647	0.000000	0.030655	0.544831	0.7
210	18.028861	0.000000	0.030655	0.542453	0.7
211	17.904957	0.000000	0.030655	0.540998	0.7
212	17.893591	0.000000	0.030655	0.538675	0.8
213	17.889835	0.000000	0.030655	0.537014	0.8
214	17.885700	0.000000	0.030655	0.535689	0.8
215	17.882738	0.000000	0.030655	0.533185	0.8
216	17.879025	0.000000	0.030655	0.531447	0.7
217	17.771523	0.000000	0.030655	0.531407	0.7
218	17.762027	0.000000	0.030655	0.530336	0.7
219	17.757564	0.000000	0.030655	0.529005	0.8
220	17.752480	0.000000	0.030655	0.527744	0.8
221	17.747523	0.000000	0.030655	0.525809	0.7
222	17.743214	0.000000	0.030655	0.523984	0.7
223	17.681329	0.000000	0.030655	0.524149	0.9
224	17.644542	0.000000	0.030655	0.520648	0.8
225	17.634070	0.000000	0.030655	0.519070	0.7
226	17.627015	0.000000	0.030655	0.517495	0.7
227	17.622645	0.000000	0.030655	0.516044	0.7
228	17.615561	0.000000	0.030655	0.514399	0.7
229	17.609747	0.000000	0.030655	0.512314	0.7
230	17.557747	0.000000	0.030655	0.510375	0.7
231	17.524560	0.000000	0.030655	0.508381	0.7
232	17.514114	0.000000	0.030655	0.507663	0.7
233	17.508661	0.000000	0.030655	0.506232	0.7
234	17.504273	0.000000	0.030655	0.504381	0.7
235	17.497212	0.000000	0.030655	0.503706	1.0
236	17.490272	0.000000	0.030655	0.502086	0.8
237	17.485411	0.000000	0.030655	0.500288	0.7
238	17.443796	0.000000	0.030655	0.499082	0.8
239	17.412634	0.000000	0.030655	0.498435	0.7
240	17.405172	0.000000	0.030655	0.496897	0.7
241	17.398993	0.000000	0.030655	0.494738	0.7
242	17.393685	0.000000	0.030655	0.492837	0.8
243	17.388127	0.000000	0.030655	0.491939	0.7
244	17.381630	0.000000	0.030655	0.490760	0.8
245	17.374814	0.000000	0.030655	0.489317	1.0
246	17.340641	0.000000	0.030655	0.486474	0.9
247	17.315838	0.000000	0.030655	0.486877	0.7
248	17.310260	0.000000	0.030655	0.485043	0.8
249	17.304214	0.000000	0.030655	0.485232	0.8
250	17.296793	0.000000	0.030655	0.484783	0.8
251	17.290634	0.000000	0.030655	0.484397	0.7
252	17.284837	0.000000	0.030655	0.482883	0.7
253	17.279689	0.000000	0.030655	0.480678	0.7
254	17.274581	0.000000	0.030655	0.478825	0.8
255	17.233648	0.000000	0.030655	0.476835	0.7
256	17.226648	0.000000	0.030655	0.475587	0.8
257	17.220168	0.000000	0.030655	0.474513	0.9
258	17.214709	0.000000	0.030655	0.473257	0.7
259	17.208638	0.000000	0.030655	0.472671	0.7
260	17.203569	0.000000	0.030655	0.471384	0.8
261	17.198016	0.000000	0.030655	0.469402	0.7
262	17.191911	0.000000	0.030655	0.468174	0.8
263	17.186304	0.000000	0.030655	0.466439	0.8
264	17.166813	0.000000	0.030655	0.463434	0.8
265	17.151043	0.000000	0.030655	0.463827	1.1
266	17.146285	0.000000	0.030655	0.462300	1.1
267	17.139620	0.000000	0.030655	0.461810	0.8
268	17.133907	0.000000	0.030655	0.461330	0.8
269	17.127796	0.000000	0.030655	0.459181	0.8
270	17.121967	0.000000	0.030655	0.457621	0.8
271	17.115111	0.000000	0.030655	0.455904	1.0
272	17.109180	0.000000	0.030655	0.454869	0.7
273	17.103825	0.000000	0.030655	0.453287	0.7
274	17.098922	0.000000	0.030655	0.451322	0.8
275	17.076046	0.000000	0.030655	0.451117	0.9
276	17.071229	0.000000	0.030655	0.449933	0.9
277	17.066269	0.000000	0.030655	0.449007	1.0
278	17.060542	0.000000	0.030655	0.446953	0.8
279	17.055036	0.000000	0.030655	0.445831	0.8
280	17.050557	0.000000	0.030655	0.445396	0.8
281	17.044728	0.000000	0.030655	0.444743	0.8
282	17.039503	0.000000	0.030655	0.444026	0.7
283	17.034952	0.000000	0.030655	0.442526	0.8
284	17.029910	0.000000	0.030655	0.439713	0.9
285	17.025551	0.000000	0.030655	0.438415	0.8
286	17.021623	0.000000	0.030655	0.437594	1.0
287	17.009035	0.000000	0.030655	0.438027	0.8
288	17.005029	0.000000	0.030655	0.436690	0.8
289	16.999989	0.000000	0.030655	0.435265	0.7
290	16.994014	0.000000	0.030655	0.434267	0.7
291	16.989152	0.000000	0.030655	0.434777	0.8
292	16.983627	0.000000	0.030655	0.434640	0.7
293	16.978249	0.000000	0.030655	0.434339	0.7
294	16.972249	0.000000	0.030655	0.434175	0.7
295	16.967101	0.000000	0.030655	0.432539	0.7
296	16.962640	0.000000	0.030655	0.431653	0.8
297	16.813884	0.000000	0.030655	0.435768	0.7
298	16.808949	0.000000	0.030655	0.434141	0.8
299	16.802626	0.000000	0.030655	0.432289	0.8
300	16.797531	0.000000	0.030655	0.430891	0.7
301	16.791203	0.000000	0.030655	0.431169	0.8
302	16.786586	0.000000	0.030655	0.430310	0.7
303	16.780836	0.000000	0.030655	0.429952	0.7
304	16.775735	0.000000	0.030655	0.429155	0.7
305	16.770585	0.000000	0.030655	0.428164	0.7
306	16.521032	0.000000	0.030655	0.428833	0.8
307	16.515877	0.000000	0.030655	0.427870	0.9
308	16.511498	0.000000	0.030655	0.427213	1.2
309	16.506496	0.000000	0.030655	0.425986	0.8
310	16.501534	0.000000	0.030655	0.424687	0.8
311	16.496595	0.000000	0.030655	0.423990	0.8
312	16.491293	0.000000	0.030655	0.423537	0.8
313	16.485259	0.000000	0.030655	0.422409	0.8
314	16.479799	0.000000	0.030655	0.421051	0.9
315	16.239634	0.000000	0.030655	0.418409	0.8
316	16.232759	0.000000	0.030655	0.417440	0.8
317	16.227492	0.000000	0.030655	0.416563	0.8
318	16.221838	0.000000	0.030655	0.415509	0.8
319	16.216536	0.000000	0.030655	0.414920	0.8
320	16.210647	0.000000	0.030655	0.413726	0.8
321	16.204442	0.000000	0.030655	0.412873	0.8
322	16.199973	0.000000	0.030655	0.411578	0.8
323	16.194161	0.000000	0.030655	0.411318	0.8
324	15.992312	0.000000	0.030655	0.410991	0.8
325	15.976557	0.000000	0.030655	0.408339	0.8
326	15.972066	0.000000	0.030655	0.407269	0.8
327	15.967603	0.000000	0.030655	0.406893	0.8
328	15.963158	0.000000	0.030655	0.405874	0.8
329	15.954925	0.000000	0.030655	0.403535	0.8
330	15.950633	0.000000	0.030655	0.402281	0.8
331	15.946906	0.000000	0.030655	0.401189	0.8
332	15.938023	0.000000	0.030655	0.400857	1.0
333	15.932908	0.000000	0.030655	0.400022	1.0
334	15.823773	0.000000	0.030655	0.408648	0.9
335	15.736178	0.000000	0.030655	0.401605	1.0
336	15.733792	0.000000	0.030655	0.400369	1.0
337	15.730176	0.000000	0.030655	0.399190	1.0
338	15.721041	0.000000	0.030655	0.397855	0.9
339	15.717360	0.000000	0.030655	0.397488	1.0
340	15.708336	0.000000	0.030655	0.396253	0.9
341	15.705246	0.000000	0.030655	0.396568	0.9
342	15.695114	0.000000	0.030655	0.395307	0.9
343	15.690330	0.000000	0.030655	0.394239	0.9
344	15.685570	0.000000	0.030655	0.393512	1.0
345	15.521469	0.000000	0.030655	0.392930	1.0
346	15.515497	0.000000	0.030655	0.391964	1.1
347	15.510790	0.000000	0.030655	0.391423	1.0
348	15.498194	0.000000	0.030655	0.392567	1.1
349	15.492949	0.000000	0.030655	0.391115	1.1
350	15.488267	0.000000	0.030655	0.389941	1.0
351	15.483600	0.000000	0.030655	0.390323	1.1
352	15.479403	0.000000	0.030655	0.389547	1.0
353	15.476673	0.000000	0.030655	0.388652	1.1
354	15.472050	0.000000	0.030655	0.387404	1.5
355	15.467456	0.000000	0.030655	0.386242	1.0
356	15.462893	0.000000	0.030655	0.384897	1.2
357	15.328105	0.000000	0.030655	0.385075	1.1
358	15.323560	0.000000	0.030655	0.385058	1.1
359	15.319021	0.000000	0.030655	0.384193	1.1
360	15.314501	0.000000	0.030655	0.383865	0.9
361	15.309988	0.000000	0.030655	0.383279	1.0
362	15.305491	0.000000	0.030655	0.382284	1.1
363	15.301018	0.000000	0.030655	0.381257	1.1
364	15.297093	0.000000	0.030655	0.378803	1.1
365	15.292698	0.000000	0.030655	0.378529	1.2
366	15.288314	0.000000	0.030655	0.376954	1.0
367	15.283962	0.000000	0.030655	0.376103	1.1
368	15.270442	0.000000	0.030655	0.374169	1.5
369	15.155689	0.000000	0.030655	0.374267	1.2
370	15.150898	0.000000	0.030655	0.373154	0.9
371	15.147593	0.000000	0.030655	0.372672	0.9
372	15.144546	0.000000	0.030655	0.371661	0.9
373	15.141203	0.000000	0.030655	0.371654	0.8
374	15.127472	0.000000	0.030655	0.370151	0.7
375	15.122784	0.000000	0.030655	0.368046	0.7
376	15.118636	0.000000	0.030655	0.367161	0.9
377	15.115173	0.000000	0.030655	0.366262	0.9
378	15.113315	0.000000	0.030655	0.365906	0.7
379	15.110410	0.000000	0.030655	0.365323	0.7
380	15.107523	0.000000	0.030655	0.364364	0.7
381	15.094301	0.000000	0.030655	0.363701	0.7
382	15.089609	0.000000	0.030655	0.362885	0.7
383	14.995369	0.000000	0.030655	0.362893	0.9
384	14.991946	0.000000	0.030655	0.362246	0.8
385	14.988534	0.000000	0.030655	0.361074	0.6
386	14.985760	0.000000	0.030655	0.359800	0.7
387	14.982415	0.000000	0.030655	0.358618	0.7
388	14.968834	0.000000	0.030655	0.357428	0.7
389	14.965546	0.000000	0.030655	0.356371	0.7
390	14.962268	0.000000	0.030655	0.355327	0.8
391	14.959602	0.000000	0.030655	0.354405	0.7
392	14.956255	0.000000	0.030655	0.353624	0.7
393	14.952416	0.000000	0.030655	0.354152	0.7
394	14.949640	0.000000	0.030655	0.353602	0.7
395	14.936072	0.000000	0.030655	0.352489	0.7
396	14.931122	0.000000	0.030655	0.351750	0.7
397	14.851232	0.000000	0.030655	0.351747	0.8
398	14.847858	0.000000	0.030655	0.350298	1.2
399	14.844966	0.000000	0.030655	0.348452	1.0
400	14.841248	0.000000	0.030655	0.347694	0.7
401	14.838187	0.000000	0.030655	0.346550	0.7
402	14.834510	0.000000	0.030655	0.345429	0.7
403	14.821711	0.000000	0.030655	0.343538	0.7
404	14.818989	0.000000	0.030655	0.342606	0.7
405	14.816157	0.000000	0.030655	0.341170	0.7
406	14.813227	0.000000	0.030655	0.340313	0.8
407	14.809682	0.000000	0.030655	0.339464	0.7
408	14.806152	0.000000	0.030655	0.339181	0.7
409	14.803256	0.000000	0.030655	0.339189	0.7
410	14.799480	0.000000	0.030655	0.338333	0.7
411	14.795351	0.000000	0.030655	0.337351	0.7
412	14.781050	0.000000	0.030655	0.336187	0.7
413	14.750920	0.000000	0.030655	0.336495	0.7
414	14.713966	0.000000	0.030655	0.335618	0.8
415	14.710720	0.000000	0.030655	0.334990	0.7
416	14.707712	0.000000	0.030655	0.335465	0.7
417	14.704490	0.000000	0.030655	0.335138	0.7
418	14.701129	0.000000	0.030655	0.334270	0.7
419	14.697246	0.000000	0.030655	0.333660	0.7
420	14.694166	0.000000	0.030655	0.333019	1.2
421	14.691005	0.000000	0.030655	0.332409	0.8
422	14.688777	0.000000	0.030655	0.331651	0.8
423	14.685654	0.000000	0.030655	0.331022	0.7
424	14.683168	0.000000	0.030655	0.330930	0.7
425	14.669162	0.000000	0.030655	0.330161	0.7
426	14.677652	0.000000	0.030655	0.329409	0.7
427	14.663316	0.000000	0.030655	0.327868	0.7
428	14.659801	0.000000	0.030655	0.327362	0.6
429	14.657179	0.000000	0.030655	0.326333	0.7
430	14.663894	0.000000	0.030655	0.326768	0.9
431	14.604989	0.000000	0.030655	0.325926	0.7
432	14.451245	0.000000	0.030655	0.332460	0.8
433	14.459390	0.000000	0.030655	0.329629	0.8
434	14.456064	0.000000	0.030655	0.328830	0.7
435	14.453366	0.000000	0.030655	0.327565	0.7
436	14.450079	0.000000	0.030655	0.327024	0.7
437	14.448037	0.000000	0.030655	0.326887	0.8
438	14.445073	0.000000	0.030655	0.326584	0.7
439	14.441987	0.000000	0.030655	0.325542	0.7
440	14.439590	0.000000	0.030655	0.324487	0.7
441	14.436607	0.000000	0.030655	0.323960	0.7
442	14.434209	0.000000	0.030655	0.322963	1.5
443	14.431167	0.000000	0.030655	0.321515	0.8
444	14.428106	0.000000	0.030655	0.321094	0.7
445	14.179293	0.000000	0.030655	0.321678	0.8
446	14.175653	0.000000	0.030655	0.320845	0.7
447	14.172415	0.000000	0.030655	0.320129	0.7
448	14.169898	0.000000	0.030655	0.319667	0.7
449	14.165354	0.000000	0.030655	0.319163	0.7
450	14.145678	0.000000	0.030655	0.319391	0.7
451	14.124560	0.000000	0.030655	0.317573	0.7
452	14.122334	0.000000	0.030655	0.316361	0.9
453	14.119537	0.000000	0.030655	0.315798	0.8
454	14.116094	0.000000	0.030655	0.315259	0.9
455	14.113932	0.000000	0.030655	0.314613	0.8
456	14.111183	0.000000	0.030655	0.313816	0.8
457	14.108168	0.000000	0.030655	0.313011	0.7
458	14.099046	0.000000	0.030655	0.311316	0.7
459	13.870891	0.000000	0.030655	0.312285	0.8
460	13.868859	0.000000	0.030655	0.312339	0.9
461	13.865947	0.000000	0.030655	0.311919	0.7
462	13.852137	0.000000	0.030655	0.311287	1.0
463	13.860640	0.000000	0.030655	0.310497	0.9
464	13.847584	0.000000	0.030655	0.309517	0.7
465	13.856525	0.000000	0.030655	0.309843	0.7
466	13.829535	0.000000	0.030655	0.308258	0.7
467	13.837711	0.000000	0.030655	0.306886	0.7
468	13.834751	0.000000	0.030655	0.306968	0.8
469	13.831476	0.000000	0.030655	0.306284	0.7
470	13.829063	0.000000	0.030655	0.304870	0.7
471	13.814744	0.000000	0.030655	0.305217	0.7
472	13.809779	0.000000	0.030655	0.306375	0.7
473	13.789443	0.000000	0.030655	0.303830	0.8
474	13.709320	0.000000	0.030655	0.308208	0.7
475	13.585387	0.000000	0.030655	0.303213	0.8
476	13.582836	0.000000	0.030655	0.302681	0.9
477	13.580030	0.000000	0.030655	0.301977	0.7
478	13.577507	0.000000	0.030655	0.301268	0.7
479	13.574730	0.000000	0.030655	0.300023	0.7
480	13.572229	0.000000	0.030655	0.299007	0.7
481	13.570222	0.000000	0.030655	0.298561	0.8
482	13.554515	0.000000	0.030655	0.297923	0.7
483	13.552075	0.000000	0.030655	0.297808	0.7
484	13.563256	0.000000	0.030655	0.297959	1.4
485	13.547285	0.000000	0.030655	0.296998	0.8
486	13.544313	0.000000	0.030655	0.296576	0.7
487	13.538980	0.000000	0.030655	0.296173	0.7
488	13.536582	0.000000	0.030655	0.295769	0.6
489	13.533085	0.000000	0.030655	0.296021	0.6
490	13.526248	0.000000	0.030655	0.295841	0.8
491	13.453096	0.000000	0.030655	0.298849	0.7
492	13.344218	0.000000	0.030655	0.295695	0.7
493	13.341539	0.000000	0.030655	0.294892	0.6
494	13.338969	0.000000	0.030655	0.294208	0.7
495	13.336869	0.000000	0.030655	0.293043	0.7
496	13.334705	0.000000	0.030655	0.292818	0.7
497	13.323162	0.000000	0.030655	0.292919	0.8
498	13.321040	0.000000	0.030655	0.292492	0.8
499	13.318697	0.000000	0.030655	0.292087	0.7
500	13.318038	0.000000	0.030655	0.291122	0.7
501	13.315708	0.000000	0.030655	0.290535	0.7
502	13.313724	0.000000	0.030655	0.290054	0.7
503	13.311143	0.000000	0.030655	0.290445	0.7
504	13.308059	0.000000	0.030655	0.290006	0.7
505	13.304339	0.000000	0.030655	0.290957	0.7
506	13.301349	0.000000	0.030655	0.290657	1.3
507	13.298760	0.000000	0.030655	0.290279	0.6
508	13.291619	0.000000	0.030655	0.291016	0.6
509	13.220669	0.000000	0.030655	0.294171	0.7
510	13.126460	0.000000	0.030655	0.291130	0.7
511	13.122975	0.000000	0.030655	0.290449	0.7
Time spent in resolution 0 (ITK initialization and iterating): 0.449
Stopping condition: Maximum number of iterations has been reached.
Settings of AdaptiveStochasticGradientDescent in resolution 0:
( SP_a 0.643761 )
( SP_A 20.000000 )
( SP_alpha 1.000000 )
( SigmoidMax 1.000000 )
( SigmoidMin -0.010000 )
( SigmoidScale 0.000000 )


Resolution: 1
WARNING: The parameter "NewSamplesEveryIteration", requested at entry number 1, does not exist at all.
  The default value "false" is used instead.
WARNING: The parameter "ShowExactMetricValue", requested at entry number 1, does not exist at all.
  The default value "false" is used instead.
WARNING: The parameter "CheckNumberOfSamples", requested at entry number 1, does not exist at all.
  The default value "true" is used instead.
WARNING: The parameter "UseMultiThreadingForMetrics", requested at entry number 1, does not exist at all.
  The default value "true" is used instead.
WARNING: The parameter "NewSamplesEveryIteration", requested at entry number 1, does not exist at all.
  The default value "false" is used instead.
Setting the fixed masks took: 0 ms.
Setting the moving masks took: 0 ms.
WARNING: The parameter "UseNormalization", requested at entry number 1, does not exist at all.
  The default value "false" is used instead.
WARNING: The parameter "SP_A", requested at entry number 1, does not exist at all.
  The default value "20" is used instead.
WARNING: The parameter "MaximumNumberOfSamplingAttempts", requested at entry number 1, does not exist at all.
  The default value "0" is used instead.
WARNING: The parameter "SigmoidInitialTime", requested at entry number 1, does not exist at all.
  The default value "0" is used instead.
WARNING: The parameter "MaxBandCovSize", requested at entry number 1, does not exist at all.
  The default value "192" is used instead.
WARNING: The parameter "NumberOfBandStructureSamples", requested at entry number 1, does not exist at all.
  The default value "10" is used instead.
WARNING: The parameter "UseAdaptiveStepSizes", requested at entry number 1, does not exist at all.
  The default value "true" is used instead.
WARNING: The parameter "UseConstantStep", requested at entry number 1, does not exist at all.
  The default value "false" is used instead.
WARNING: The parameter "MaximumStepLengthRatio", requested at entry number 1, does not exist at all.
  The default value "1" is used instead.
WARNING: The parameter "MaximumStepLength", requested at entry number 1, does not exist at all.
  The default value "1" is used instead.
WARNING: The parameter "NumberOfGradientMeasurements", requested at entry number 1, does not exist at all.
  The default value "0" is used instead.
WARNING: The parameter "NumberOfJacobianMeasurements", requested at entry number 1, does not exist at all.
  The default value "1000" is used instead.
WARNING: The parameter "NumberOfSamplesForExactGradient", requested at entry number 1, does not exist at all.
  The default value "100000" is used instead.
WARNING: The parameter "SigmoidScaleFactor", requested at entry number 1, does not exist at all.
  The default value "0.1" is used instead.
Elastix initialization of all components (for this resolution) took: 0 ms.
Initialization of AdvancedMeanSquares metric took: 0 ms.
Starting automatic parameter estimation for AdaptiveStochasticGradientDescent ...
WARNING: The parameter "ASGDParameterEstimationMethod", requested at entry number 0, does not exist at all.
  The default value "Original" is used instead.
  Computing JacobianTerms ...
  Computing the Jacobian terms took 0.000854s
  NumberOfGradientMeasurements to estimate sigma_i: 3
  Sampling gradients ...
  Sampling the gradients took 0.016382s
Automatic parameter estimation took 0.02s
1:ItNr	2:Metric	3a:Time	3b:StepSize	4:||Gradient||	Time[ms]
0	13.784390	0.000000	0.080559	5.362189	22.9
1	13.509019	0.000000	0.080559	4.619219	4.8
2	12.114800	0.000000	0.080559	4.430112	5.8
3	10.251836	0.000000	0.080559	6.294540	5.1
4	7.345050	0.000000	0.080559	4.925453	4.8
5	5.682241	0.000000	0.080559	3.371338	5.8
6	4.945754	0.000000	0.080559	2.076616	5.0
7	4.652080	0.000000	0.080559	1.510546	5.4
8	4.486817	0.000000	0.080559	1.249326	5.8
9	4.359617	0.000000	0.080559	1.125250	5.4
10	4.258091	0.000000	0.080559	1.062178	8.6
11	4.165730	0.000000	0.080559	1.009344	6.5
12	4.084157	0.000000	0.080559	0.981424	6.4
13	4.006540	0.000000	0.080559	0.945985	6.1
14	3.934280	0.000000	0.080559	0.922774	5.8
15	3.863929	0.000000	0.080559	0.895461	5.9
16	3.797672	0.000000	0.080559	0.873609	6.8
17	3.734396	0.000000	0.080559	0.856413	6.1
18	3.675171	0.000000	0.080559	0.831588	5.1
19	3.616956	0.000000	0.080559	0.817131	5.3
20	3.559856	0.000000	0.080559	0.797760	5.1
21	3.507358	0.000000	0.080559	0.779447	5.0
22	3.456886	0.000000	0.080559	0.768943	5.6
23	3.407672	0.000000	0.080559	0.760127	5.3
24	3.359528	0.000000	0.080559	0.746146	5.0
25	3.312659	0.000000	0.080559	0.731922	5.7
26	3.268005	0.000000	0.080559	0.724152	4.9
27	3.223553	0.000000	0.080559	0.707357	5.4
28	3.181562	0.000000	0.080559	0.696997	5.6
29	3.141200	0.000000	0.080559	0.682803	5.0
30	3.103122	0.000000	0.080559	0.669742	5.0
31	3.065004	0.000000	0.080559	0.658450	5.6
32	3.028993	0.000000	0.080559	0.644332	4.7
33	2.994398	0.000000	0.080559	0.633149	5.2
34	2.960763	0.000000	0.080559	0.624490	5.2
35	2.928208	0.000000	0.080559	0.620113	5.2
36	2.895731	0.000000	0.080559	0.611190	5.3
37	2.864320	0.000000	0.080559	0.603908	5.0
38	2.833637	0.000000	0.080559	0.592707	5.8
39	2.804078	0.000000	0.080559	0.586079	6.4
40	2.775123	0.000000	0.080559	0.574311	8.4
41	2.747381	0.000000	0.080559	0.565758	28.8
42	2.720213	0.000000	0.080559	0.564778	12.2
43	2.693738	0.000000	0.080559	0.556427	5.7
44	2.667428	0.000000	0.080559	0.552295	5.9
45	2.641827	0.000000	0.080559	0.543790	6.1
46	2.616937	0.000000	0.080559	0.537184	6.4
47	2.592817	0.000000	0.080559	0.528495	5.1
48	2.569514	0.000000	0.080559	0.526200	5.3
49	2.546225	0.000000	0.080559	0.524283	5.4
50	2.523077	0.000000	0.080559	0.516861	5.3
51	2.500628	0.000000	0.080559	0.511848	5.3
52	2.478592	0.000000	0.080559	0.504786	5.2
53	2.457100	0.000000	0.080559	0.497035	5.5
54	2.436052	0.000000	0.080559	0.497671	5.3
55	2.414237	0.000000	0.080559	0.493499	5.2
56	2.393399	0.000000	0.080559	0.491879	5.5
57	2.372985	0.000000	0.080559	0.486729	5.4
58	2.352754	0.000000	0.080559	0.484366	5.2
59	2.333041	0.000000	0.080559	0.483551	5.5
60	2.313514	0.000000	0.080559	0.475674	5.2
61	2.294581	0.000000	0.080559	0.468376	4.9
62	2.276087	0.000000	0.080559	0.462802	5.8
63	2.258185	0.000000	0.080559	0.462391	5.6
64	2.240255	0.000000	0.080559	0.455979	5.4
65	2.222921	0.000000	0.080559	0.449131	6.4
66	2.206048	0.000000	0.080559	0.444397	5.7
67	2.189522	0.000000	0.080559	0.442699	4.9
68	2.173255	0.000000	0.080559	0.436543	5.6
69	2.157072	0.000000	0.080559	0.427979	5.2
70	2.141839	0.000000	0.080559	0.421727	5.0
71	2.121963	0.000000	0.080559	0.415365	5.6
72	2.107668	0.000000	0.080559	0.408302	5.1
73	2.093677	0.000000	0.080559	0.401543	5.1
74	2.080351	0.000000	0.080559	0.397426	5.5
75	2.067153	0.000000	0.080559	0.390827	5.0
76	2.054257	0.000000	0.080559	0.387898	5.3
77	2.041797	0.000000	0.080559	0.383621	5.6
78	2.029483	0.000000	0.080559	0.378823	4.8
79	2.017495	0.000000	0.080559	0.375027	5.5
80	2.005705	0.000000	0.080559	0.372554	5.4
81	1.994137	0.000000	0.080559	0.371091	4.8
82	1.982661	0.000000	0.080559	0.366762	5.2
83	1.971328	0.000000	0.080559	0.361920	5.4
84	1.960361	0.000000	0.080559	0.363254	4.9
85	1.949373	0.000000	0.080559	0.360484	5.3
86	1.938589	0.000000	0.080559	0.358447	5.0
87	1.927617	0.000000	0.080559	0.358630	5.8
88	1.916966	0.000000	0.080559	0.352847	5.4
89	1.905028	0.000000	0.080559	0.360028	6.0
90	1.894430	0.000000	0.080559	0.354532	5.7
91	1.881964	0.000000	0.080559	0.354216	6.1
92	1.871683	0.000000	0.080559	0.351658	5.7
93	1.861399	0.000000	0.080559	0.346951	6.7
94	1.851443	0.000000	0.080559	0.349669	6.4
95	1.841384	0.000000	0.080559	0.342194	6.7
96	1.831583	0.000000	0.080559	0.342802	5.8
97	1.821809	0.000000	0.080559	0.342053	5.1
98	1.812212	0.000000	0.080559	0.335236	6.6
99	1.803049	0.000000	0.080559	0.332950	5.3
100	1.793937	0.000000	0.080559	0.328248	4.9
101	1.785123	0.000000	0.080559	0.324881	5.5
102	1.776373	0.000000	0.080559	0.320925	5.2
103	1.767922	0.000000	0.080559	0.316140	5.0
104	1.759764	0.000000	0.080559	0.311181	5.6
105	1.751847	0.000000	0.080559	0.306734	5.1
106	1.744065	0.000000	0.080559	0.302673	5.4
107	1.736646	0.000000	0.080559	0.297396	6.1
108	1.729282	0.000000	0.080559	0.294237	4.9
109	1.721989	0.000000	0.080559	0.290390	5.3
110	1.715131	0.000000	0.080559	0.289296	5.9
111	1.708326	0.000000	0.080559	0.286326	5.0
112	1.701668	0.000000	0.080559	0.281349	5.7
113	1.695152	0.000000	0.080559	0.276794	5.2
114	1.688287	0.000000	0.080559	0.272071	5.1
115	1.682081	0.000000	0.080559	0.271108	5.3
116	1.673538	0.000000	0.080559	0.269312	5.8
117	1.667657	0.000000	0.080559	0.266226	4.9
118	1.661661	0.000000	0.080559	0.266592	5.3
119	1.655649	0.000000	0.080559	0.262055	4.9
120	1.649861	0.000000	0.080559	0.261569	5.7
121	1.644051	0.000000	0.080559	0.262125	5.1
122	1.638376	0.000000	0.080559	0.258238	5.0
123	1.629428	0.000000	0.080559	0.255465	5.4
124	1.624143	0.000000	0.080559	0.253793	5.1
125	1.619016	0.000000	0.080559	0.252583	5.0
126	1.613636	0.000000	0.080559	0.249607	5.6
127	1.608621	0.000000	0.080559	0.247497	5.1
128	1.603715	0.000000	0.080559	0.244518	5.0
129	1.598877	0.000000	0.080559	0.239769	5.7
130	1.594263	0.000000	0.080559	0.239737	5.0
131	1.589499	0.000000	0.080559	0.234987	5.5
132	1.585062	0.000000	0.080559	0.232485	5.5
133	1.580739	0.000000	0.080559	0.230726	5.1
134	1.576491	0.000000	0.080559	0.228108	5.3
135	1.572292	0.000000	0.080559	0.226809	5.6
136	1.568069	0.000000	0.080559	0.224070	5.6
137	1.564043	0.000000	0.080559	0.221978	5.4
138	1.560100	0.000000	0.080559	0.218518	5.9
139	1.555488	0.000000	0.080559	0.216161	4.8
140	1.551723	0.000000	0.080559	0.216750	5.6
141	1.548035	0.000000	0.080559	0.214398	5.0
142	1.544355	0.000000	0.080559	0.211692	5.0
143	1.540704	0.000000	0.080559	0.210163	5.2
144	1.537277	0.000000	0.080559	0.210134	5.0
145	1.533797	0.000000	0.080559	0.205297	5.7
146	1.530438	0.000000	0.080559	0.202436	5.1
147	1.527217	0.000000	0.080559	0.202945	4.9
148	1.523889	0.000000	0.080559	0.206338	5.7
149	1.520478	0.000000	0.080559	0.206634	5.0
150	1.517140	0.000000	0.080559	0.203872	5.6
151	1.513805	0.000000	0.080559	0.200684	5.6
152	1.510632	0.000000	0.080559	0.199947	5.1
153	1.507384	0.000000	0.080559	0.207405	5.4
154	1.503916	0.000000	0.080559	0.207532	5.6
155	1.500572	0.000000	0.080559	0.206014	4.9
156	1.497230	0.000000	0.080559	0.207266	5.3
157	1.493731	0.000000	0.080559	0.203337	5.6
158	1.490335	0.000000	0.080559	0.200520	5.2
159	1.487155	0.000000	0.080559	0.205933	5.2
160	1.483287	0.000000	0.080559	0.205975	5.6
161	1.479421	0.000000	0.080559	0.208411	5.1
162	1.475961	0.000000	0.080559	0.206874	5.5
163	1.472587	0.000000	0.080559	0.205754	5.3
164	1.468907	0.000000	0.080559	0.202212	5.0
165	1.465237	0.000000	0.080559	0.201300	5.4
166	1.462050	0.000000	0.080559	0.200042	5.1
167	1.458843	0.000000	0.080559	0.199546	5.6
168	1.451598	0.000000	0.080559	0.195228	5.3
169	1.448559	0.000000	0.080559	0.196095	30.7
170	1.445536	0.000000	0.080559	0.192162	12.5
171	1.442681	0.000000	0.080559	0.189022	4.9
172	1.437680	0.000000	0.080559	0.190849	5.4
173	1.434787	0.000000	0.080559	0.187394	5.8
174	1.431806	0.000000	0.080559	0.186349	5.5
175	1.429070	0.000000	0.080559	0.185290	5.3
176	1.426365	0.000000	0.080559	0.183450	6.0
177	1.421582	0.000000	0.080559	0.180829	5.1
178	1.416268	0.000000	0.080559	0.177840	5.3
179	1.413790	0.000000	0.080559	0.175668	5.8
180	1.411361	0.000000	0.080559	0.174662	4.9
181	1.408963	0.000000	0.080559	0.174699	5.1
182	1.406560	0.000000	0.080559	0.172551	5.8
183	1.403894	0.000000	0.080559	0.172688	5.0
184	1.401568	0.000000	0.080559	0.175270	5.4
185	1.398976	0.000000	0.080559	0.171819	5.4
186	1.396640	0.000000	0.080559	0.171938	5.4
187	1.394307	0.000000	0.080559	0.167989	5.7
188	1.392101	0.000000	0.080559	0.165052	5.6
189	1.389981	0.000000	0.080559	0.165845	5.3
190	1.387809	0.000000	0.080559	0.164993	5.4
191	1.385434	0.000000	0.080559	0.162236	5.6
192	1.383044	0.000000	0.080559	0.159145	5.0
193	1.381037	0.000000	0.080559	0.156220	5.6
194	1.379099	0.000000	0.080559	0.153448	5.7
195	1.377325	0.000000	0.080559	0.150599	7.0
196	1.374823	0.000000	0.080559	0.151178	7.0
197	1.373046	0.000000	0.080559	0.150717	8.1
198	1.371234	0.000000	0.080559	0.151212	6.5
199	1.369407	0.000000	0.080559	0.149175	7.6
200	1.367666	0.000000	0.080559	0.146301	8.2
201	1.366067	0.000000	0.080559	0.143983	8.6
202	1.364153	0.000000	0.080559	0.141939	5.8
203	1.362616	0.000000	0.080559	0.140466	5.6
204	1.361079	0.000000	0.080559	0.140123	5.9
205	1.359554	0.000000	0.080559	0.139622	6.0
206	1.358056	0.000000	0.080559	0.139926	5.5
207	1.356590	0.000000	0.080559	0.137332	5.9
208	1.355137	0.000000	0.080559	0.136576	7.0
209	1.353674	0.000000	0.080559	0.141849	6.9
210	1.352116	0.000000	0.080559	0.138439	5.0
211	1.350629	0.000000	0.080559	0.137600	6.2
212	1.349148	0.000000	0.080559	0.143995	5.8
213	1.347537	0.000000	0.080559	0.140748	5.1
214	1.346006	0.000000	0.080559	0.142024	5.0
215	1.344429	0.000000	0.080559	0.139487	5.7
216	1.342923	0.000000	0.080559	0.137943	5.3
217	1.341453	0.000000	0.080559	0.137393	5.5
218	1.339959	0.000000	0.080559	0.137541	6.0
219	1.338495	0.000000	0.080559	0.135136	5.1
220	1.336671	0.000000	0.080559	0.134585	5.3
221	1.335275	0.000000	0.080559	0.131080	5.6
222	1.333938	0.000000	0.080559	0.128768	5.3
223	1.332650	0.000000	0.080559	0.127130	5.6
224	1.331389	0.000000	0.080559	0.126397	5.5
225	1.330163	0.000000	0.080559	0.124479	5.1
226	1.328970	0.000000	0.080559	0.122601	5.4
227	1.327813	0.000000	0.080559	0.120805	6.0
228	1.326687	0.000000	0.080559	0.118346	5.1
229	1.325667	0.000000	0.080559	0.119571	5.7
230	1.324588	0.000000	0.080559	0.117057	6.1
231	1.323553	0.000000	0.080559	0.115386	5.4
232	1.322532	0.000000	0.080559	0.115423	5.6
233	1.321485	0.000000	0.080559	0.113842	5.8
234	1.320487	0.000000	0.080559	0.111486	5.0
235	1.319532	0.000000	0.080559	0.110861	5.3
236	1.318581	0.000000	0.080559	0.108531	5.7
237	1.317688	0.000000	0.080559	0.106270	4.9
238	1.316817	0.000000	0.080559	0.107834	5.4
239	1.315758	0.000000	0.080559	0.106782	5.2
240	1.314909	0.000000	0.080559	0.106626	5.2
241	1.314038	0.000000	0.080559	0.104614	5.7
242	1.313186	0.000000	0.080559	0.103421	5.1
243	1.312356	0.000000	0.080559	0.103406	6.0
244	1.311529	0.000000	0.080559	0.103806	5.3
245	1.310634	0.000000	0.080559	0.101533	5.2
246	1.309758	0.000000	0.080559	0.101120	5.7
247	1.308987	0.000000	0.080559	0.102865	5.1
248	1.307550	0.000000	0.080559	0.104008	5.2
249	1.306705	0.000000	0.080559	0.101318	6.3
250	1.305917	0.000000	0.080559	0.100031	5.1
251	1.305147	0.000000	0.080559	0.095571	5.4
252	1.304443	0.000000	0.080559	0.094683	5.7
253	1.303730	0.000000	0.080559	0.093626	5.4
254	1.303039	0.000000	0.080559	0.091540	5.3
255	1.302349	0.000000	0.080559	0.092865	6.2
256	1.301668	0.000000	0.080559	0.095038	5.3
257	1.301028	0.000000	0.080559	0.093461	5.2
258	1.300377	0.000000	0.080559	0.092550	5.9
259	1.299738	0.000000	0.080559	0.091864	5.6
260	1.299105	0.000000	0.080559	0.091914	5.2
261	1.298486	0.000000	0.080559	0.091066	6.1
262	1.297859	0.000000	0.080559	0.090122	5.3
263	1.297233	0.000000	0.080559	0.089225	5.2
264	1.296635	0.000000	0.080559	0.088217	5.5
265	1.295974	0.000000	0.080559	0.088248	5.3
266	1.295387	0.000000	0.080559	0.086625	5.0
267	1.294810	0.000000	0.080559	0.085272	5.7
268	1.294234	0.000000	0.080559	0.083594	5.1
269	1.293703	0.000000	0.080559	0.082294	5.2
270	1.293220	0.000000	0.080559	0.081570	5.7
271	1.292705	0.000000	0.080559	0.083785	5.4
272	1.292138	0.000000	0.080559	0.085803	5.4
273	1.291568	0.000000	0.080559	0.086712	5.7
274	1.291008	0.000000	0.080559	0.085482	5.5
275	1.290410	0.000000	0.080559	0.085732	5.4
276	1.289857	0.000000	0.080559	0.084807	5.6
277	1.289295	0.000000	0.080559	0.084896	5.1
278	1.288746	0.000000	0.080559	0.083739	31.1
279	1.288167	0.000000	0.080559	0.083818	13.1
280	1.287602	0.000000	0.080559	0.082577	5.6
281	1.287069	0.000000	0.080559	0.080974	6.1
282	1.286571	0.000000	0.080559	0.080809	7.1
283	1.286088	0.000000	0.080559	0.079689	6.7
284	1.285593	0.000000	0.080559	0.081970	6.3
285	1.285040	0.000000	0.080559	0.080684	6.2
286	1.284518	0.000000	0.080559	0.079287	5.9
287	1.284016	0.000000	0.080559	0.077996	5.7
288	1.283564	0.000000	0.080559	0.078846	5.5
289	1.283088	0.000000	0.080559	0.080281	5.4
290	1.282599	0.000000	0.080559	0.079215	6.2
291	1.281974	0.000000	0.080559	0.082166	4.9
292	1.281293	0.000000	0.080559	0.082699	5.2
293	1.280758	0.000000	0.080559	0.083466	6.3
294	1.280211	0.000000	0.080559	0.083682	5.3
295	1.279657	0.000000	0.080559	0.083470	5.4
296	1.279096	0.000000	0.080559	0.084063	6.1
297	1.278542	0.000000	0.080559	0.082758	5.5
298	1.277944	0.000000	0.080559	0.081438	5.4
299	1.277370	0.000000	0.080559	0.080331	6.1
300	1.276854	0.000000	0.080559	0.078784	5.2
301	1.276361	0.000000	0.080559	0.078307	7.0
302	1.275856	0.000000	0.080559	0.077381	6.9
303	1.275365	0.000000	0.080559	0.078151	5.6
304	1.274875	0.000000	0.080559	0.076670	5.1
305	1.274394	0.000000	0.080559	0.076778	5.8
306	1.273961	0.000000	0.080559	0.076404	5.9
307	1.272453	0.000000	0.080559	0.080086	5.9
308	1.271908	0.000000	0.080559	0.078752	6.1
309	1.271397	0.000000	0.080559	0.081707	6.2
310	1.270880	0.000000	0.080559	0.081151	6.6
311	1.270359	0.000000	0.080559	0.081047	5.1
312	1.269859	0.000000	0.080559	0.079889	5.6
313	1.269353	0.000000	0.080559	0.081211	5.8
314	1.268820	0.000000	0.080559	0.082070	5.0
315	1.268258	0.000000	0.080559	0.082886	5.4
316	1.267691	0.000000	0.080559	0.081224	5.9
317	1.267175	0.000000	0.080559	0.080427	5.1
318	1.266639	0.000000	0.080559	0.080265	5.4
319	1.266093	0.000000	0.080559	0.078704	5.6
320	1.265621	0.000000	0.080559	0.077021	5.0
321	1.264928	0.000000	0.080559	0.077610	5.6
322	1.264454	0.000000	0.080559	0.077255	5.8
323	1.264008	0.000000	0.080559	0.076125	5.3
324	1.263485	0.000000	0.080559	0.078459	5.6
325	1.263002	0.000000	0.080559	0.079244	5.7
326	1.262517	0.000000	0.080559	0.077842	5.2
327	1.262036	0.000000	0.080559	0.077249	5.5
328	1.261547	0.000000	0.080559	0.076998	6.0
329	1.261064	0.000000	0.080559	0.075572	4.8
330	1.260621	0.000000	0.080559	0.074694	5.4
331	1.260189	0.000000	0.080559	0.074080	5.2
332	1.259760	0.000000	0.080559	0.073021	5.2
333	1.259369	0.000000	0.080559	0.071560	5.6
334	1.258978	0.000000	0.080559	0.070227	6.5
335	1.258570	0.000000	0.080559	0.069509	5.5
336	1.258194	0.000000	0.080559	0.068090	6.0
337	1.257876	0.000000	0.080559	0.066638	6.3
338	1.257475	0.000000	0.080559	0.065641	5.1
339	1.257112	0.000000	0.080559	0.064332	5.4
340	1.256815	0.000000	0.080559	0.063470	5.6
341	1.256494	0.000000	0.080559	0.062709	5.4
342	1.256192	0.000000	0.080559	0.061688	5.3
343	1.255917	0.000000	0.080559	0.061159	5.6
344	1.255644	0.000000	0.080559	0.059739	5.4
345	1.255127	0.000000	0.080559	0.060467	5.7
346	1.254855	0.000000	0.080559	0.059747	5.7
347	1.254606	0.000000	0.080559	0.059600	5.3
348	1.254331	0.000000	0.080559	0.058812	5.6
349	1.254040	0.000000	0.080559	0.057761	6.0
350	1.253785	0.000000	0.080559	0.056514	5.6
351	1.253407	0.000000	0.080559	0.056146	5.3
352	1.253180	0.000000	0.080559	0.056983	5.9
353	1.252947	0.000000	0.080559	0.056061	5.3
354	1.252708	0.000000	0.080559	0.055376	5.8
355	1.252472	0.000000	0.080559	0.054286	6.5
356	1.252257	0.000000	0.080559	0.053832	6.0
357	1.252014	0.000000	0.080559	0.055291	5.7
358	1.251784	0.000000	0.080559	0.054193	6.3
359	1.251565	0.000000	0.080559	0.054128	5.8
360	1.251380	0.000000	0.080559	0.053056	5.3
361	1.251180	0.000000	0.080559	0.051978	6.0
362	1.250974	0.000000	0.080559	0.051376	7.3
363	1.250802	0.000000	0.080559	0.050952	7.4
364	1.250597	0.000000	0.080559	0.057207	5.3
365	1.250341	0.000000	0.080559	0.056139	5.4
366	1.250123	0.000000	0.080559	0.054891	5.9
367	1.249906	0.000000	0.080559	0.053953	5.1
368	1.249673	0.000000	0.080559	0.053012	5.5
369	1.249453	0.000000	0.080559	0.053343	5.7
370	1.249259	0.000000	0.080559	0.052252	5.0
371	1.249044	0.000000	0.080559	0.054777	5.4
372	1.248794	0.000000	0.080559	0.053842	6.0
373	1.248542	0.000000	0.080559	0.058700	5.1
374	1.248329	0.000000	0.080559	0.057349	5.7
375	1.248056	0.000000	0.080559	0.055917	6.0
376	1.247802	0.000000	0.080559	0.059213	5.4
377	1.247531	0.000000	0.080559	0.058079	5.4
378	1.247284	0.000000	0.080559	0.056808	5.8
379	1.247031	0.000000	0.080559	0.054783	4.9
380	1.246802	0.000000	0.080559	0.053255	5.2
381	1.246572	0.000000	0.080559	0.052484	7.3
382	1.246377	0.000000	0.080559	0.051403	7.4
383	1.246181	0.000000	0.080559	0.050391	6.3
384	1.246039	0.000000	0.080559	0.048718	6.5
385	1.245834	0.000000	0.080559	0.051434	7.6
386	1.245613	0.000000	0.080559	0.050893	8.3
387	1.245427	0.000000	0.080559	0.050029	8.3
388	1.245247	0.000000	0.080559	0.049984	10.9
389	1.245040	0.000000	0.080559	0.048992	27.4
390	1.244840	0.000000	0.080559	0.048067	14.0
391	1.244662	0.000000	0.080559	0.047088	6.5
392	1.244418	0.000000	0.080559	0.046406	5.6
393	1.244251	0.000000	0.080559	0.044906	6.2
394	1.244075	0.000000	0.080559	0.045432	5.2
395	1.243913	0.000000	0.080559	0.044472	5.3
396	1.243730	0.000000	0.080559	0.043939	6.1
397	1.243591	0.000000	0.080559	0.043667	5.5
398	1.243303	0.000000	0.080559	0.043308	5.4
399	1.243140	0.000000	0.080559	0.044126	6.0
400	1.242982	0.000000	0.080559	0.043477	5.4
401	1.242822	0.000000	0.080559	0.043169	5.3
402	1.242670	0.000000	0.080559	0.042933	6.1
403	1.242524	0.000000	0.080559	0.042393	5.0
404	1.242391	0.000000	0.080559	0.043661	5.7
405	1.242215	0.000000	0.080559	0.042913	6.3
406	1.242068	0.000000	0.080559	0.043115	5.1
407	1.241930	0.000000	0.080559	0.043130	5.7
408	1.241806	0.000000	0.080559	0.043066	6.1
409	1.241649	0.000000	0.080559	0.045467	4.9
410	1.241466	0.000000	0.080559	0.045527	5.7
411	1.241296	0.000000	0.080559	0.044508	5.5
412	1.241174	0.000000	0.080559	0.045662	5.0
413	1.240998	0.000000	0.080559	0.049834	5.2
414	1.240823	0.000000	0.080559	0.048398	5.8
415	1.240652	0.000000	0.080559	0.049431	5.0
416	1.240433	0.000000	0.080559	0.050080	5.4
417	1.240095	0.000000	0.080559	0.049817	5.6
418	1.239991	0.000000	0.080559	0.063418	4.9
419	1.239729	0.000000	0.080559	0.062937	5.4
420	1.239437	0.000000	0.080559	0.066414	5.9
421	1.239102	0.000000	0.080559	0.083202	5.2
422	1.238568	0.000000	0.080559	0.080361	5.8
423	1.238109	0.000000	0.080559	0.081297	5.7
424	1.237633	0.000000	0.080559	0.079809	5.2
425	1.237163	0.000000	0.080559	0.081195	5.8
426	1.236713	0.000000	0.080559	0.087863	5.7
427	1.236227	0.000000	0.080559	0.091074	4.9
428	1.235652	0.000000	0.080559	0.091841	5.7
429	1.234993	0.000000	0.080559	0.090335	5.9
430	1.234440	0.000000	0.080559	0.090240	5.5
431	1.233843	0.000000	0.080559	0.093857	5.6
432	1.233188	0.000000	0.080559	0.091870	6.1
433	1.232540	0.000000	0.080559	0.099792	5.3
434	1.231813	0.000000	0.080559	0.099262	5.7
435	1.231089	0.000000	0.080559	0.097286	5.6
436	1.230429	0.000000	0.080559	0.094195	5.0
437	1.229792	0.000000	0.080559	0.092385	5.4
438	1.229159	0.000000	0.080559	0.091373	5.6
439	1.228622	0.000000	0.080559	0.088341	5.1
440	1.228086	0.000000	0.080559	0.087277	5.4
441	1.227540	0.000000	0.080559	0.084947	5.4
442	1.227047	0.000000	0.080559	0.085026	5.3
443	1.226563	0.000000	0.080559	0.082390	5.4
444	1.226050	0.000000	0.080559	0.091761	5.4
445	1.225437	0.000000	0.080559	0.088952	5.2
446	1.224873	0.000000	0.080559	0.090264	5.4
447	1.224314	0.000000	0.080559	0.088066	5.5
448	1.223801	0.000000	0.080559	0.086704	5.9
449	1.223282	0.000000	0.080559	0.085177	5.4
450	1.222781	0.000000	0.080559	0.086372	5.1
451	1.222248	0.000000	0.080559	0.087874	5.8
452	1.221671	0.000000	0.080559	0.087686	5.6
453	1.221096	0.000000	0.080559	0.089441	5.6
454	1.220571	0.000000	0.080559	0.091555	5.6
455	1.220039	0.000000	0.080559	0.092662	5.4
456	1.219417	0.000000	0.080559	0.090674	5.4
457	1.218808	0.000000	0.080559	0.088618	5.9
458	1.218218	0.000000	0.080559	0.087645	5.6
459	1.217639	0.000000	0.080559	0.094019	5.6
460	1.217183	0.000000	0.080559	0.093374	5.5
461	1.216639	0.000000	0.080559	0.093607	5.8
462	1.216006	0.000000	0.080559	0.093901	5.7
463	1.215419	0.000000	0.080559	0.092857	5.4
464	1.214918	0.000000	0.080559	0.090305	5.2
465	1.214322	0.000000	0.080559	0.097387	5.3
466	1.213603	0.000000	0.080559	0.097940	5.6
467	1.212962	0.000000	0.080559	0.098839	5.5
468	1.212264	0.000000	0.080559	0.100888	5.1
469	1.211603	0.000000	0.080559	0.104870	6.2
470	1.210863	0.000000	0.080559	0.103753	5.6
471	1.210107	0.000000	0.080559	0.103265	5.7
472	1.209361	0.000000	0.080559	0.101969	6.0
473	1.208685	0.000000	0.080559	0.101555	5.9
474	1.207848	0.000000	0.080559	0.099643	5.7
475	1.207120	0.000000	0.080559	0.101648	4.8
476	1.206372	0.000000	0.080559	0.110603	6.0
477	1.205782	0.000000	0.080559	0.111595	5.9
478	1.204803	0.000000	0.080559	0.111326	5.3
479	1.203872	0.000000	0.080559	0.111027	5.5
480	1.203102	0.000000	0.080559	0.109903	5.7
481	1.202293	0.000000	0.080559	0.108922	5.4
482	1.201592	0.000000	0.080559	0.108171	5.8
483	1.200784	0.000000	0.080559	0.108005	5.8
484	1.199792	0.000000	0.080559	0.109691	5.3
485	1.199167	0.000000	0.080559	0.107731	5.4
486	1.198263	0.000000	0.080559	0.112245	5.9
487	1.197414	0.000000	0.080559	0.110497	5.1
488	1.196663	0.000000	0.080559	0.109429	5.6
489	1.195861	0.000000	0.080559	0.108619	5.7
490	1.195093	0.000000	0.080559	0.112479	5.3
491	1.194109	0.000000	0.080559	0.113563	5.6
492	1.193257	0.000000	0.080559	0.114406	5.6
493	1.192543	0.000000	0.080559	0.116436	5.5
494	1.190632	0.000000	0.080559	0.117717	5.5
495	1.189670	0.000000	0.080559	0.122932	5.5
496	1.188462	0.000000	0.080559	0.122966	5.3
497	1.186265	0.000000	0.080559	0.122449	6.0
498	1.185292	0.000000	0.080559	0.119619	5.7
499	1.184355	0.000000	0.080559	0.117245	5.1
500	1.183121	0.000000	0.080559	0.118898	5.7
501	1.182102	0.000000	0.080559	0.116385	5.5
502	1.181236	0.000000	0.080559	0.115455	5.3
503	1.180327	0.000000	0.080559	0.115837	5.4
504	1.179423	0.000000	0.080559	0.118673	5.6
505	1.178541	0.000000	0.080559	0.116589	5.1
506	1.177616	0.000000	0.080559	0.116288	5.4
507	1.176783	0.000000	0.080559	0.112204	5.6
508	1.175957	0.000000	0.080559	0.113164	5.4
509	1.174910	0.000000	0.080559	0.110393	5.6
510	1.174006	0.000000	0.080559	0.115418	5.9
511	1.173059	0.000000	0.080559	0.115163	5.1
Time spent in resolution 1 (ITK initialization and iterating): 3.02
Stopping condition: Maximum number of iterations has been reached.
Settings of AdaptiveStochasticGradientDescent in resolution 1:
( SP_a 1.691735 )
( SP_A 20.000000 )
( SP_alpha 1.000000 )
( SigmoidMax 1.000000 )
( SigmoidMin -0.010000 )
( SigmoidScale 0.000000 )


Resolution: 2
WARNING: The parameter "NewSamplesEveryIteration", requested at entry number 2, does not exist at all.
  The default value "false" is used instead.
WARNING: The parameter "ShowExactMetricValue", requested at entry number 2, does not exist at all.
  The default value "false" is used instead.
WARNING: The parameter "CheckNumberOfSamples", requested at entry number 2, does not exist at all.
  The default value "true" is used instead.
WARNING: The parameter "UseMultiThreadingForMetrics", requested at entry number 2, does not exist at all.
  The default value "true" is used instead.
WARNING: The parameter "NewSamplesEveryIteration", requested at entry number 2, does not exist at all.
  The default value "false" is used instead.
Setting the fixed masks took: 0 ms.
Setting the moving masks took: 0 ms.
WARNING: The parameter "UseNormalization", requested at entry number 2, does not exist at all.
  The default value "false" is used instead.
WARNING: The parameter "SP_A", requested at entry number 2, does not exist at all.
  The default value "20" is used instead.
WARNING: The parameter "MaximumNumberOfSamplingAttempts", requested at entry number 2, does not exist at all.
  The default value "0" is used instead.
WARNING: The parameter "SigmoidInitialTime", requested at entry number 2, does not exist at all.
  The default value "0" is used instead.
WARNING: The parameter "MaxBandCovSize", requested at entry number 2, does not exist at all.
  The default value "192" is used instead.
WARNING: The parameter "NumberOfBandStructureSamples", requested at entry number 2, does not exist at all.
  The default value "10" is used instead.
WARNING: The parameter "UseAdaptiveStepSizes", requested at entry number 2, does not exist at all.
  The default value "true" is used instead.
WARNING: The parameter "UseConstantStep", requested at entry number 2, does not exist at all.
  The default value "false" is used instead.
WARNING: The parameter "MaximumStepLengthRatio", requested at entry number 2, does not exist at all.
  The default value "1" is used instead.
WARNING: The parameter "MaximumStepLength", requested at entry number 2, does not exist at all.
  The default value "1" is used instead.
WARNING: The parameter "NumberOfGradientMeasurements", requested at entry number 2, does not exist at all.
  The default value "0" is used instead.
WARNING: The parameter "NumberOfJacobianMeasurements", requested at entry number 2, does not exist at all.
  The default value "1000" is used instead.
WARNING: The parameter "NumberOfSamplesForExactGradient", requested at entry number 2, does not exist at all.
  The default value "100000" is used instead.
WARNING: The parameter "SigmoidScaleFactor", requested at entry number 2, does not exist at all.
  The default value "0.1" is used instead.
Elastix initialization of all components (for this resolution) took: 0 ms.
Initialization of AdvancedMeanSquares metric took: 32 ms.
Starting automatic parameter estimation for AdaptiveStochasticGradientDescent ...
WARNING: The parameter "ASGDParameterEstimationMethod", requested at entry number 0, does not exist at all.
  The default value "Original" is used instead.
  Computing JacobianTerms ...
  Computing the Jacobian terms took 0.005624s
  NumberOfGradientMeasurements to estimate sigma_i: 3
  Sampling gradients ...
  Sampling the gradients took 0.135467s
Automatic parameter estimation took 0.14s
1:ItNr	2:Metric	3a:Time	3b:StepSize	4:||Gradient||	Time[ms]
0	5.098257	0.000000	1.002768	0.429091	215.5
1	4.997191	0.000000	1.002768	0.333977	43.3
2	4.990750	1.000000	0.957188	0.392565	41.6
3	4.961927	2.000000	0.915571	0.368649	42.4
4	4.904257	1.990000	0.915969	0.254043	41.7
5	4.865002	2.990000	0.877788	0.291054	41.3
6	4.863822	2.980000	0.878154	0.273371	42.8
7	4.840645	2.970000	0.878521	0.324075	43.1
8	4.828183	3.970000	0.843338	0.303290	41.9
9	4.789905	4.970000	0.810864	0.338900	42.3
10	4.754263	5.970000	0.780799	0.233601	46.9
11	4.737279	6.970000	0.752883	0.129302	46.7
12	4.730417	7.970000	0.726895	0.168461	41.8
13	4.709402	7.960000	0.727146	0.202731	42.5
14	4.686376	7.950000	0.727397	0.137974	42.7
15	4.674100	7.940000	0.727648	0.202351	43.8
16	4.660279	7.930000	0.727900	0.191090	42.5
17	4.634776	7.920000	0.728151	0.154861	42.5
18	4.633673	7.910000	0.728403	0.103732	40.8
19	4.631606	7.900000	0.728655	0.120608	41.8
20	4.628455	8.900000	0.704286	0.082994	42.9
21	4.623772	9.900000	0.681493	0.080963	43.1
22	4.618073	9.890000	0.681714	0.127510	47.2
23	4.607665	9.880000	0.681935	0.217783	43.2
24	4.577571	9.870000	0.682155	0.350348	42.8
25	4.543588	9.860000	0.682376	0.325406	42.4
26	4.534990	10.860000	0.660958	0.394044	46.2
27	4.542672	11.860000	0.640844	0.467209	43.4
28	4.546640	12.860000	0.621918	0.447592	42.3
29	4.530408	13.860000	0.604077	0.415171	42.5
30	4.530076	14.860000	0.587232	0.462904	42.5
31	4.539060	15.860000	0.571301	0.471111	41.3
32	4.529697	16.860000	0.556211	0.429408	41.9
33	4.528109	17.860000	0.541898	0.379443	42.1
34	4.519376	18.860000	0.528302	0.322019	41.7
35	4.514690	19.860000	0.515373	0.262126	42.9
36	4.508584	20.860000	0.503061	0.214026	42.3
37	4.507858	21.860000	0.491324	0.176082	45.7
38	4.504289	22.860000	0.480122	0.157485	44.1
39	4.505340	23.860000	0.469419	0.135597	44.6
40	4.502212	24.860000	0.459183	0.109609	40.3
41	4.502994	25.860000	0.449384	0.091881	41.1
42	4.500702	26.860000	0.439995	0.077122	42.6
43	4.502047	27.860000	0.430989	0.058260	41.3
44	4.500459	28.860000	0.422345	0.048637	42.3
45	4.501983	29.860000	0.414041	0.039651	42.3
46	4.500545	30.860000	0.406057	0.033167	40.8
47	4.501566	31.860000	0.398376	0.033161	41.1
48	4.500711	32.860000	0.390979	0.033414	43.7
49	4.501542	33.860000	0.383852	0.033661	43.2
50	4.500688	34.860000	0.376981	0.033510	43.4
51	4.501546	35.860000	0.370351	0.032970	43.6
52	4.500654	36.860000	0.363950	0.028050	43.1
53	4.501141	37.860000	0.357767	0.024991	42.0
54	4.500982	38.860000	0.351790	0.021359	46.0
55	4.501052	39.860000	0.346009	0.017877	43.4
56	4.501153	40.860000	0.340416	0.015573	43.2
57	4.501036	41.860000	0.335001	0.013542	75.8
58	4.501209	42.860000	0.329755	0.011145	42.2
59	4.501118	43.860000	0.324671	0.009071	41.4
60	4.501189	44.860000	0.319741	0.007269	43.5
61	4.501119	45.860000	0.314959	0.005404	42.8
62	4.501145	46.860000	0.310317	0.004148	43.3
63	4.501125	47.860000	0.305811	0.002814	43.0
64	4.501134	48.860000	0.301433	0.002419	42.4
65	4.501148	49.860000	0.297179	0.002258	41.7
66	4.501134	50.860000	0.293044	0.002163	43.4
67	4.501148	51.860000	0.289022	0.002052	42.4
68	4.501134	52.860000	0.285109	0.001913	43.1
69	4.501143	53.860000	0.281300	0.001748	52.6
70	4.501139	54.860000	0.277592	0.001598	48.1
71	4.501143	55.860000	0.273980	0.001373	44.4
72	4.501138	56.860000	0.270462	0.001141	45.7
73	4.501138	57.860000	0.267032	0.000914	43.1
74	4.501134	58.860000	0.263688	0.000715	42.7
75	4.501138	59.860000	0.260427	0.000545	43.3
76	4.501134	60.860000	0.257246	0.000403	44.2
77	4.501134	61.860000	0.254141	0.000284	43.6
78	4.501134	62.860000	0.251111	0.000195	43.2
79	4.501134	63.860000	0.248152	0.000133	43.3
80	4.501134	64.860000	0.245261	0.000087	44.3
81	4.501134	65.860000	0.242438	0.000055	42.6
82	4.501134	66.860000	0.239678	0.000037	43.7
83	4.501134	67.860000	0.236981	0.000025	43.9
84	4.501134	68.860000	0.234344	0.000016	42.5
85	4.501134	69.860000	0.231765	0.000010	44.3
86	4.501134	70.860000	0.229242	0.000006	45.2
87	4.501134	71.860000	0.226773	0.000004	43.7
88	4.501134	72.860000	0.224357	0.000002	45.2
89	4.501134	73.860000	0.221992	0.000001	44.7
90	4.501134	74.860000	0.219676	0.000001	42.5
91	4.501134	75.860000	0.217408	0.000000	43.6
92	4.501134	76.860000	0.215186	0.000000	44.2
93	4.501134	77.573005	0.213630	0.000000	42.4
94	4.501134	77.601572	0.213568	0.000000	43.3
95	4.501134	77.605375	0.213560	0.000000	46.3
96	4.501134	77.606149	0.213558	0.000000	44.2
97	4.501134	77.606323	0.213558	0.000000	77.8
98	4.501134	77.606362	0.213558	0.000000	43.6
99	4.501134	77.606372	0.213558	0.000000	44.8
100	4.501134	77.606374	0.213558	0.000000	44.9
101	4.501134	77.606374	0.213558	0.000000	43.9
102	4.501134	77.606374	0.213558	0.000000	42.7
103	4.501134	77.606374	0.213558	0.000000	43.0
104	4.501134	77.606374	0.213558	0.000000	42.8
105	4.501134	77.606374	0.213558	0.000000	44.2
106	4.501134	77.606374	0.213558	0.000000	42.7
107	4.501134	77.606374	0.213558	0.000000	42.9
108	4.501134	77.606374	0.213558	0.000000	43.9
109	4.501134	77.606374	0.213558	0.000000	44.0
110	4.501134	77.606374	0.213558	0.000000	42.4
111	4.501134	77.606374	0.213558	0.000000	43.1
112	4.501134	77.606374	0.213558	0.000000	43.5
113	4.501134	77.606374	0.213558	0.000000	47.0
114	4.501134	77.606374	0.213558	0.000000	48.7
115	4.501134	77.606374	0.213558	0.000000	43.6
116	4.501134	77.606374	0.213558	0.000000	42.7
117	4.501134	77.606374	0.213558	0.000000	46.1
118	4.501134	77.606374	0.213558	0.000000	44.6
119	4.501134	77.606374	0.213558	0.000000	42.5
120	4.501134	77.606374	0.213558	0.000000	43.0
121	4.501134	77.606374	0.213558	0.000000	43.0
122	4.501134	77.606374	0.213558	0.000000	42.5
123	4.501134	77.606374	0.213558	0.000000	43.7
124	4.501134	77.606374	0.213558	0.000000	43.8
125	4.501134	77.606374	0.213558	0.000000	43.5
126	4.501134	77.606374	0.213558	0.000000	42.0
127	4.501134	77.606374	0.213558	0.000000	42.3
128	4.501134	77.606374	0.213558	0.000000	44.3
129	4.501134	77.606374	0.213558	0.000000	44.0
130	4.501134	77.606374	0.213558	0.000000	45.0
131	4.501134	77.606374	0.213558	0.000000	45.2
132	4.501134	77.606374	0.213558	0.000000	43.8
133	4.501134	77.606374	0.213558	0.000000	44.0
134	4.501134	77.606374	0.213558	0.000000	43.3
135	4.501134	77.606374	0.213558	0.000000	43.5
136	4.501134	77.606374	0.213558	0.000000	43.9
137	4.501134	77.606374	0.213558	0.000000	75.0
138	4.501134	77.606374	0.213558	0.000000	43.8
139	4.501134	77.606374	0.213558	0.000000	42.4
140	4.501134	77.606374	0.213558	0.000000	43.1
141	4.501134	77.606374	0.213558	0.000000	42.8
142	4.501134	77.606374	0.213558	0.000000	49.7
143	4.501134	77.606374	0.213558	0.000000	46.3
144	4.501134	77.606374	0.213558	0.000000	44.1
145	4.501134	77.606374	0.213558	0.000000	44.9
146	4.501134	77.606374	0.213558	0.000000	45.0
147	4.501134	77.606374	0.213558	0.000000	43.8
148	4.501134	77.606374	0.213558	0.000000	44.6
149	4.501134	77.606374	0.213558	0.000000	48.3
150	4.501134	77.606374	0.213558	0.000000	50.5
151	4.501134	77.606374	0.213558	0.000000	44.6
152	4.501134	77.606374	0.213558	0.000000	44.4
153	4.501134	77.606374	0.213558	0.000000	46.6
154	4.501134	77.606374	0.213558	0.000000	46.2
155	4.501134	77.606374	0.213558	0.000000	44.2
156	4.501134	77.606374	0.213558	0.000000	44.9
157	4.501134	77.606374	0.213558	0.000000	45.1
158	4.501134	77.606374	0.213558	0.000000	46.3
159	4.501134	77.606374	0.213558	0.000000	45.4
160	4.501134	77.606374	0.213558	0.000000	46.0
161	4.501134	77.606374	0.213558	0.000000	45.6
162	4.501134	77.606374	0.213558	0.000000	42.5
163	4.501134	77.606374	0.213558	0.000000	43.9
164	4.501134	77.606374	0.213558	0.000000	43.2
165	4.501134	77.606374	0.213558	0.000000	44.7
166	4.501134	77.606374	0.213558	0.000000	45.2
167	4.501134	77.606374	0.213558	0.000000	44.2
168	4.501134	77.606374	0.213558	0.000000	45.0
169	4.501134	77.606374	0.213558	0.000000	44.8
170	4.501134	77.606374	0.213558	0.000000	44.3
171	4.501134	77.606374	0.213558	0.000000	44.6
172	4.501134	77.606374	0.213558	0.000000	43.3
173	4.501134	77.606374	0.213558	0.000000	43.4
174	4.501134	77.606374	0.213558	0.000000	78.2
175	4.501134	77.606374	0.213558	0.000000	45.4
176	4.501134	77.606374	0.213558	0.000000	43.8
177	4.501134	77.606374	0.213558	0.000000	42.8
178	4.501134	77.606374	0.213558	0.000000	42.9
179	4.501134	77.606374	0.213558	0.000000	42.6
180	4.501134	77.606374	0.213558	0.000000	42.6
181	4.501134	77.606374	0.213558	0.000000	43.5
182	4.501134	77.606374	0.213558	0.000000	43.5
183	4.501134	77.606374	0.213558	0.000000	43.3
184	4.501134	77.606374	0.213558	0.000000	43.8
185	4.501134	77.606374	0.213558	0.000000	45.1
186	4.501134	77.606374	0.213558	0.000000	44.6
187	4.501134	77.606374	0.213558	0.000000	43.6
188	4.501134	77.606374	0.213558	0.000000	44.7
189	4.501134	77.606374	0.213558	0.000000	45.2
190	4.501134	77.606374	0.213558	0.000000	44.6
191	4.501134	77.606374	0.213558	0.000000	45.8
192	4.501134	77.606374	0.213558	0.000000	45.0
193	4.501134	77.606374	0.213558	0.000000	43.7
194	4.501134	77.606374	0.213558	0.000000	42.9
195	4.501134	77.606374	0.213558	0.000000	43.7
196	4.501134	77.606374	0.213558	0.000000	43.4
197	4.501134	77.606374	0.213558	0.000000	43.5
198	4.501134	77.606374	0.213558	0.000000	43.3
199	4.501134	77.606374	0.213558	0.000000	43.8
200	4.501134	77.606374	0.213558	0.000000	42.5
201	4.501134	77.606374	0.213558	0.000000	43.7
202	4.501134	77.606374	0.213558	0.000000	44.6
203	4.501134	77.606374	0.213558	0.000000	43.5
204	4.501134	77.606374	0.213558	0.000000	43.8
205	4.501134	77.606374	0.213558	0.000000	43.9
206	4.501134	77.606374	0.213558	0.000000	43.5
207	4.501134	77.606374	0.213558	0.000000	43.6
208	4.501134	77.606374	0.213558	0.000000	42.8
209	4.501134	77.606374	0.213558	0.000000	76.7
210	4.501134	77.606374	0.213558	0.000000	44.4
211	4.501134	77.606374	0.213558	0.000000	43.9
212	4.501134	77.606374	0.213558	0.000000	44.5
213	4.501134	77.606374	0.213558	0.000000	44.3
214	4.501134	77.606374	0.213558	0.000000	45.4
215	4.501134	77.606374	0.213558	0.000000	44.3
216	4.501134	77.606374	0.213558	0.000000	45.5
217	4.501134	77.606374	0.213558	0.000000	43.4
218	4.501134	77.606374	0.213558	0.000000	43.4
219	4.501134	77.606374	0.213558	0.000000	47.7
220	4.501134	77.606374	0.213558	0.000000	43.9
221	4.501134	77.606374	0.213558	0.000000	43.5
222	4.501134	77.606374	0.213558	0.000000	43.8
223	4.501134	77.606374	0.213558	0.000000	45.4
224	4.501134	77.606374	0.213558	0.000000	45.3
225	4.501134	77.606374	0.213558	0.000000	51.4
226	4.501134	77.606374	0.213558	0.000000	43.0
227	4.501134	77.606374	0.213558	0.000000	44.4
228	4.501134	77.606374	0.213558	0.000000	45.5
229	4.501134	77.606374	0.213558	0.000000	44.6
230	4.501134	77.606374	0.213558	0.000000	47.5
231	4.501134	77.606374	0.213558	0.000000	45.0
232	4.501134	77.606374	0.213558	0.000000	44.8
233	4.501134	77.606374	0.213558	0.000000	44.2
234	4.501134	77.606374	0.213558	0.000000	51.1
235	4.501134	77.606374	0.213558	0.000000	50.1
236	4.501134	77.606374	0.213558	0.000000	45.6
237	4.501134	77.606374	0.213558	0.000000	45.4
238	4.501134	77.606374	0.213558	0.000000	44.9
239	4.501134	77.606374	0.213558	0.000000	44.5
240	4.501134	77.606374	0.213558	0.000000	45.6
241	4.501134	77.606374	0.213558	0.000000	45.4
242	4.501134	77.606374	0.213558	0.000000	43.6
243	4.501134	77.606374	0.213558	0.000000	45.1
244	4.501134	77.606374	0.213558	0.000000	45.0
245	4.501134	77.606374	0.213558	0.000000	46.4
246	4.501134	77.606374	0.213558	0.000000	79.5
247	4.501134	77.606374	0.213558	0.000000	46.3
248	4.501134	77.606374	0.213558	0.000000	44.6
249	4.501134	77.606374	0.213558	0.000000	44.5
250	4.501134	77.606374	0.213558	0.000000	45.0
251	4.501134	77.606374	0.213558	0.000000	45.0
252	4.501134	77.606374	0.213558	0.000000	45.3
253	4.501134	77.606374	0.213558	0.000000	44.7
254	4.501134	77.606374	0.213558	0.000000	45.8
255	4.501134	77.606374	0.213558	0.000000	51.3
256	4.501134	77.606374	0.213558	0.000000	45.8
257	4.501134	77.606374	0.213558	0.000000	45.1
258	4.501134	77.606374	0.213558	0.000000	51.1
259	4.501134	77.606374	0.213558	0.000000	46.3
260	4.501134	77.606374	0.213558	0.000000	46.6
261	4.501134	77.606374	0.213558	0.000000	46.3
262	4.501134	77.606374	0.213558	0.000000	45.3
263	4.501134	77.606374	0.213558	0.000000	45.1
264	4.501134	77.606374	0.213558	0.000000	45.6
265	4.501134	77.606374	0.213558	0.000000	45.7
266	4.501134	77.606374	0.213558	0.000000	45.6
267	4.501134	77.606374	0.213558	0.000000	44.7
268	4.501134	77.606374	0.213558	0.000000	44.5
269	4.501134	77.606374	0.213558	0.000000	51.4
270	4.501134	77.606374	0.213558	0.000000	54.3
271	4.501134	77.606374	0.213558	0.000000	47.4
272	4.501134	77.606374	0.213558	0.000000	44.3
273	4.501134	77.606374	0.213558	0.000000	44.7
274	4.501134	77.606374	0.213558	0.000000	45.2
275	4.501134	77.606374	0.213558	0.000000	43.8
276	4.501134	77.606374	0.213558	0.000000	43.9
277	4.501134	77.606374	0.213558	0.000000	45.1
278	4.501134	77.606374	0.213558	0.000000	44.9
279	4.501134	77.606374	0.213558	0.000000	44.7
280	4.501134	77.606374	0.213558	0.000000	45.9
281	4.501134	77.606374	0.213558	0.000000	43.8
282	4.501134	77.606374	0.213558	0.000000	77.5
283	4.501134	77.606374	0.213558	0.000000	45.3
284	4.501134	77.606374	0.213558	0.000000	45.1
285	4.501134	77.606374	0.213558	0.000000	46.1
286	4.501134	77.606374	0.213558	0.000000	46.0
287	4.501134	77.606374	0.213558	0.000000	45.9
288	4.501134	77.606374	0.213558	0.000000	46.4
289	4.501134	77.606374	0.213558	0.000000	45.9
290	4.501134	77.606374	0.213558	0.000000	46.9
291	4.501134	77.606374	0.213558	0.000000	45.6
292	4.501134	77.606374	0.213558	0.000000	44.8
293	4.501134	77.606374	0.213558	0.000000	45.2
294	4.501134	77.606374	0.213558	0.000000	47.3
295	4.501134	77.606374	0.213558	0.000000	45.3
296	4.501134	77.606374	0.213558	0.000000	46.6
297	4.501134	77.606374	0.213558	0.000000	45.2
298	4.501134	77.606374	0.213558	0.000000	44.3
299	4.501134	77.606374	0.213558	0.000000	44.6
300	4.501134	77.606374	0.213558	0.000000	44.4
301	4.501134	77.606374	0.213558	0.000000	43.8
302	4.501134	77.606374	0.213558	0.000000	45.7
303	4.501134	77.606374	0.213558	0.000000	45.6
304	4.501134	77.606374	0.213558	0.000000	42.4
305	4.501134	77.606374	0.213558	0.000000	46.4
306	4.501134	77.606374	0.213558	0.000000	45.3
307	4.501134	77.606374	0.213558	0.000000	45.2
308	4.501134	77.606374	0.213558	0.000000	45.5
309	4.501134	77.606374	0.213558	0.000000	44.8
310	4.501134	77.606374	0.213558	0.000000	45.7
311	4.501134	77.606374	0.213558	0.000000	43.7
312	4.501134	77.606374	0.213558	0.000000	46.1
313	4.501134	77.606374	0.213558	0.000000	46.7
314	4.501134	77.606374	0.213558	0.000000	46.1
315	4.501134	77.606374	0.213558	0.000000	46.0
316	4.501134	77.606374	0.213558	0.000000	45.4
317	4.501134	77.606374	0.213558	0.000000	78.1
318	4.501134	77.606374	0.213558	0.000000	44.6
319	4.501134	77.606374	0.213558	0.000000	45.5
320	4.501134	77.606374	0.213558	0.000000	46.1
321	4.501134	77.606374	0.213558	0.000000	45.4
322	4.501134	77.606374	0.213558	0.000000	43.2
323	4.501134	77.606374	0.213558	0.000000	45.3
324	4.501134	77.606374	0.213558	0.000000	45.6
325	4.501134	77.606374	0.213558	0.000000	46.4
326	4.501134	77.606374	0.213558	0.000000	47.1
327	4.501134	77.606374	0.213558	0.000000	47.5
328	4.501134	77.606374	0.213558	0.000000	45.4
329	4.501134	77.606374	0.213558	0.000000	45.5
330	4.501134	77.606374	0.213558	0.000000	45.3
331	4.501134	77.606374	0.213558	0.000000	45.8
332	4.501134	77.606374	0.213558	0.000000	44.4
333	4.501134	77.606374	0.213558	0.000000	49.3
334	4.501134	77.606374	0.213558	0.000000	44.7
335	4.501134	77.606374	0.213558	0.000000	45.0
336	4.501134	77.606374	0.213558	0.000000	46.6
337	4.501134	77.606374	0.213558	0.000000	43.3
338	4.501134	77.606374	0.213558	0.000000	43.7
339	4.501134	77.606374	0.213558	0.000000	45.6
340	4.501134	77.606374	0.213558	0.000000	45.0
341	4.501134	77.606374	0.213558	0.000000	48.1
342	4.501134	77.606374	0.213558	0.000000	49.1
343	4.501134	77.606374	0.213558	0.000000	43.8
344	4.501134	77.606374	0.213558	0.000000	46.0
345	4.501134	77.606374	0.213558	0.000000	45.3
346	4.501134	77.606374	0.213558	0.000000	46.8
347	4.501134	77.606374	0.213558	0.000000	49.5
348	4.501134	77.606374	0.213558	0.000000	45.7
349	4.501134	77.606374	0.213558	0.000000	44.1
350	4.501134	77.606374	0.213558	0.000000	45.6
351	4.501134	77.606374	0.213558	0.000000	78.5
352	4.501134	77.606374	0.213558	0.000000	45.0
353	4.501134	77.606374	0.213558	0.000000	45.5
354	4.501134	77.606374	0.213558	0.000000	44.6
355	4.501134	77.606374	0.213558	0.000000	46.0
356	4.501134	77.606374	0.213558	0.000000	46.0
357	4.501134	77.606374	0.213558	0.000000	45.2
358	4.501134	77.606374	0.213558	0.000000	46.5
359	4.501134	77.606374	0.213558	0.000000	45.8
360	4.501134	77.606374	0.213558	0.000000	47.3
361	4.501134	77.606374	0.213558	0.000000	46.0
362	4.501134	77.606374	0.213558	0.000000	46.8
363	4.501134	77.606374	0.213558	0.000000	45.4
364	4.501134	77.606374	0.213558	0.000000	48.4
365	4.501134	77.606374	0.213558	0.000000	51.6
366	4.501134	77.606374	0.213558	0.000000	48.4
367	4.501134	77.606374	0.213558	0.000000	46.6
368	4.501134	77.606374	0.213558	0.000000	45.7
369	4.501134	77.606374	0.213558	0.000000	44.7
370	4.501134	77.606374	0.213558	0.000000	45.8
371	4.501134	77.606374	0.213558	0.000000	47.3
372	4.501134	77.606374	0.213558	0.000000	46.2
373	4.501134	77.606374	0.213558	0.000000	46.9
374	4.501134	77.606374	0.213558	0.000000	45.2
375	4.501134	77.606374	0.213558	0.000000	47.4
376	4.501134	77.606374	0.213558	0.000000	46.5
377	4.501134	77.606374	0.213558	0.000000	46.2
378	4.501134	77.606374	0.213558	0.000000	45.9
379	4.501134	77.606374	0.213558	0.000000	45.4
380	4.501134	77.606374	0.213558	0.000000	47.1
381	4.501134	77.606374	0.213558	0.000000	44.6
382	4.501134	77.606374	0.213558	0.000000	44.9
383	4.501134	77.606374	0.213558	0.000000	44.1
384	4.501134	77.606374	0.213558	0.000000	79.1
385	4.501134	77.606374	0.213558	0.000000	46.8
386	4.501134	77.606374	0.213558	0.000000	45.7
387	4.501134	77.606374	0.213558	0.000000	46.6
388	4.501134	77.606374	0.213558	0.000000	45.9
389	4.501134	77.606374	0.213558	0.000000	46.7
390	4.501134	77.606374	0.213558	0.000000	44.3
391	4.501134	77.606374	0.213558	0.000000	48.2
392	4.501134	77.606374	0.213558	0.000000	43.6
393	4.501134	77.606374	0.213558	0.000000	46.9
394	4.501134	77.606374	0.213558	0.000000	46.4
395	4.501134	77.606374	0.213558	0.000000	46.4
396	4.501134	77.606374	0.213558	0.000000	46.0
397	4.501134	77.606374	0.213558	0.000000	47.2
398	4.501134	77.606374	0.213558	0.000000	47.2
399	4.501134	77.606374	0.213558	0.000000	45.5
400	4.501134	77.606374	0.213558	0.000000	45.9
401	4.501134	77.606374	0.213558	0.000000	44.8
402	4.501134	77.606374	0.213558	0.000000	48.5
403	4.501134	77.606374	0.213558	0.000000	46.1
404	4.501134	77.606374	0.213558	0.000000	47.1
405	4.501134	77.606374	0.213558	0.000000	47.2
406	4.501134	77.606374	0.213558	0.000000	48.1
407	4.501134	77.606374	0.213558	0.000000	46.7
408	4.501134	77.606374	0.213558	0.000000	46.2
409	4.501134	77.606374	0.213558	0.000000	46.7
410	4.501134	77.606374	0.213558	0.000000	46.7
411	4.501134	77.606374	0.213558	0.000000	47.0
412	4.501134	77.606374	0.213558	0.000000	46.8
413	4.501134	77.606374	0.213558	0.000000	45.3
414	4.501134	77.606374	0.213558	0.000000	46.2
415	4.501134	77.606374	0.213558	0.000000	45.2
416	4.501134	77.606374	0.213558	0.000000	45.0
417	4.501134	77.606374	0.213558	0.000000	46.3
418	4.501134	77.606374	0.213558	0.000000	44.4
419	4.501134	77.606374	0.213558	0.000000	45.4
420	4.501134	77.606374	0.213558	0.000000	77.4
421	4.501134	77.606374	0.213558	0.000000	45.7
422	4.501134	77.606374	0.213558	0.000000	46.1
423	4.501134	77.606374	0.213558	0.000000	44.8
424	4.501134	77.606374	0.213558	0.000000	44.9
425	4.501134	77.606374	0.213558	0.000000	44.3
426	4.501134	77.606374	0.213558	0.000000	45.9
427	4.501134	77.606374	0.213558	0.000000	43.3
428	4.501134	77.606374	0.213558	0.000000	43.8
429	4.501134	77.606374	0.213558	0.000000	43.5
430	4.501134	77.606374	0.213558	0.000000	45.4
431	4.501134	77.606374	0.213558	0.000000	47.2
432	4.501134	77.606374	0.213558	0.000000	45.6
433	4.501134	77.606374	0.213558	0.000000	47.4
434	4.501134	77.606374	0.213558	0.000000	48.4
435	4.501134	77.606374	0.213558	0.000000	49.3
436	4.501134	77.606374	0.213558	0.000000	45.5
437	4.501134	77.606374	0.213558	0.000000	46.5
438	4.501134	77.606374	0.213558	0.000000	45.0
439	4.501134	77.606374	0.213558	0.000000	45.3
440	4.501134	77.606374	0.213558	0.000000	44.5
441	4.501134	77.606374	0.213558	0.000000	44.6
442	4.501134	77.606374	0.213558	0.000000	45.3
443	4.501134	77.606374	0.213558	0.000000	45.4
444	4.501134	77.606374	0.213558	0.000000	44.2
445	4.501134	77.606374	0.213558	0.000000	45.1
446	4.501134	77.606374	0.213558	0.000000	45.6
447	4.501134	77.606374	0.213558	0.000000	45.6
448	4.501134	77.606374	0.213558	0.000000	44.7
449	4.501134	77.606374	0.213558	0.000000	44.9
450	4.501134	77.606374	0.213558	0.000000	44.7
451	4.501134	77.606374	0.213558	0.000000	45.7
452	4.501134	77.606374	0.213558	0.000000	47.4
453	4.501134	77.606374	0.213558	0.000000	46.9
454	4.501134	77.606374	0.213558	0.000000	46.2
455	4.501134	77.606374	0.213558	0.000000	43.9
456	4.501134	77.606374	0.213558	0.000000	44.7
457	4.501134	77.606374	0.213558	0.000000	45.5
458	4.501134	77.606374	0.213558	0.000000	75.9
459	4.501134	77.606374	0.213558	0.000000	45.3
460	4.501134	77.606374	0.213558	0.000000	47.1
461	4.501134	77.606374	0.213558	0.000000	46.2
462	4.501134	77.606374	0.213558	0.000000	46.0
463	4.501134	77.606374	0.213558	0.000000	45.9
464	4.501134	77.606374	0.213558	0.000000	45.5
465	4.501134	77.606374	0.213558	0.000000	46.3
466	4.501134	77.606374	0.213558	0.000000	46.7
467	4.501134	77.606374	0.213558	0.000000	46.7
468	4.501134	77.606374	0.213558	0.000000	49.0
469	4.501134	77.606374	0.213558	0.000000	46.4
470	4.501134	77.606374	0.213558	0.000000	46.5
471	4.501134	77.606374	0.213558	0.000000	47.6
472	4.501134	77.606374	0.213558	0.000000	51.2
473	4.501134	77.606374	0.213558	0.000000	46.2
474	4.501134	77.606374	0.213558	0.000000	47.3
475	4.501134	77.606374	0.213558	0.000000	47.9
476	4.501134	77.606374	0.213558	0.000000	50.5
477	4.501134	77.606374	0.213558	0.000000	47.9
478	4.501134	77.606374	0.213558	0.000000	48.7
479	4.501134	77.606374	0.213558	0.000000	46.1
480	4.501134	77.606374	0.213558	0.000000	47.2
481	4.501134	77.606374	0.213558	0.000000	45.7
482	4.501134	77.606374	0.213558	0.000000	47.6
483	4.501134	77.606374	0.213558	0.000000	48.5
484	4.501134	77.606374	0.213558	0.000000	47.2
485	4.501134	77.606374	0.213558	0.000000	46.6
486	4.501134	77.606374	0.213558	0.000000	47.7
487	4.501134	77.606374	0.213558	0.000000	47.9
488	4.501134	77.606374	0.213558	0.000000	47.8
489	4.501134	77.606374	0.213558	0.000000	47.1
490	4.501134	77.606374	0.213558	0.000000	46.6
491	4.501134	77.606374	0.213558	0.000000	46.9
492	4.501134	77.606374	0.213558	0.000000	46.5
493	4.501134	77.606374	0.213558	0.000000	46.6
494	4.501134	77.606374	0.213558	0.000000	80.0
495	4.501134	77.606374	0.213558	0.000000	45.7
496	4.501134	77.606374	0.213558	0.000000	53.4
497	4.501134	77.606374	0.213558	0.000000	48.8
498	4.501134	77.606374	0.213558	0.000000	45.9
499	4.501134	77.606374	0.213558	0.000000	46.1
500	4.501134	77.606374	0.213558	0.000000	45.2
501	4.501134	77.606374	0.213558	0.000000	47.0
502	4.501134	77.606374	0.213558	0.000000	47.8
503	4.501134	77.606374	0.213558	0.000000	45.7
504	4.501134	77.606374	0.213558	0.000000	47.5
505	4.501134	77.606374	0.213558	0.000000	45.2
506	4.501134	77.606374	0.213558	0.000000	46.7
507	4.501134	77.606374	0.213558	0.000000	47.0
508	4.501134	77.606374	0.213558	0.000000	44.4
509	4.501134	77.606374	0.213558	0.000000	45.9
510	4.501134	77.606374	0.213558	0.000000	45.7
511	4.501134	77.606374	0.213558	0.000000	48.4
Time spent in resolution 2 (ITK initialization and iterating): 23.7
Stopping condition: Maximum number of iterations has been reached.
Settings of AdaptiveStochasticGradientDescent in resolution 2:
( SP_a 21.058138 )
( SP_A 20.000000 )
( SP_alpha 1.000000 )
( SigmoidMax 1.000000 )
( SigmoidMin -0.010000 )
( SigmoidScale 0.000000 )



=============== start of TransformParameterFile ===============
(CenterOfRotationPoint 89.5 79.5 19.5)
(Direction 1 0 0 0 1 0 0 0 1)
(FixedImageDimension 3)
(FixedInternalImagePixelType "float")
(HowToCombineTransforms "Compose")
(Index 0 0 0)
(InitialTransformParameterFileName "NoInitialTransform")
(MovingImageDimension 3)
(MovingInternalImagePixelType "float")
(NumberOfParameters 12)
(Origin 0 0 0)
(Size 180 160 40)
(Spacing 1 1 1)
(Transform "AffineTransform")
(TransformParameters 0.9812431277662141 -0.1200139415249628 0.025939141711641064 0.1890255486644076 0.9566465537370226 0.036640536227694184 0.06205649864718517 0.04641879273208059 0.8456262373537006 -0.1068586079374163 4.987340721146523 6.459644479646345)
(UseDirectionCosines "true")

// ResampleInterpolator specific
(FinalBSplineInterpolationOrder 1)
(ResampleInterpolator "FinalBSplineInterpolator")

// Resampler specific
(CompressResultImage "false")
(DefaultPixelValue 0)
(Resampler "DefaultResampler")
(ResultImageFormat "tif")
(ResultImagePixelType "float")

=============== end of TransformParameterFile ===============

Creating the TransformParameterFile took 0.00s

Registration result checksum: 3097506183

Applying final transform ...
  Applying final transform took 0.09s

Final metric value  = 4.50113
Settings of AdaptiveStochasticGradientDescent for all resolutions:
( SP_a 0.643761 1.691735 21.058138 )
( SP_A 20.000000 20.000000 20.000000 )
( SP_alpha 1.000000 1.000000 1.000000 )
( SigmoidMax 1.000000 1.000000 1.000000 )
( SigmoidMin -0.010000 -0.010000 -0.010000 )
( SigmoidScale 0.000000 0.000000 0.000000 )

Time spent on saving the results, applying the final transform etc.: 88 ms.
Running elastix with parameter file 0: "examples/affine_example/rigid.txt", has finished.


Current time: Fri Sep 18 12:39:37 2026.
Time used for running elastix with this parameter file:
  27.3s.

-------------------------------------------------------------------------

Running elastix with parameter file 1: "examples/affine_example/affine.txt".

Current time: Fri Sep 18 12:39:37 2026.
Reading the elastix parameters from file ...

ELASTIX version: 5.3.1
Git revision SHA: ef34ca99d84c226d1bb72d534c8a201526a5c034
Git revision date: Tue Mar 17 16:49:15 2026 +0100
Command line options from ElastixBase:
-f        examples/affine_example/output/fixed.tif
-m        examples/affine_example/output/moving_affine.tif
-fMask    unspecified, so no fixed mask used
-mMask    unspecified, so no moving mask used
-out      examples/affine_example/output/alignment_rigid_affine/
-p        examples/affine_example/rigid.txt
-p        examples/affine_example/affine.txt
-threads  unspecified, so all available threads are used
WARNING: The parameter "UseDirectionCosines", requested at entry number 0, does not exist at all.
  The default value "true" is used instead.

WARNING: The option "UseDirectionCosines" was not found in your parameter file.
  From elastix 4.8 it defaults to true!
This may change the behavior of your registrations considerably.

Command line options from TransformBase:
-t0       unspecified, so no initial transform used

=============== start of ParameterFile: examples/affine_example/affine.txt ===============
(FixedImageDimension 3)
(MovingImageDimension 3)
(FixedInternalImagePixelType "float")
(MovingInternalImagePixelType "float")

(Registration "MultiResolutionRegistration")
(Transform "AffineTransform")
(AutomaticScalesEstimation "true")
(Metric "AdvancedMeanSquares")
(Optimizer "AdaptiveStochasticGradientDescent")

(FixedImagePyramid "FixedRecursiveImagePyramid")
(MovingImagePyramid "MovingRecursiveImagePyramid")
(NumberOfResolutions 3)

(ImageSampler "Full")
(AutomaticParameterEstimation "true")
(MaximumNumberOfIterations 512)

(Interpolator "BSplineInterpolator")
(BSplineInterpolationOrder 1)
(Resampler "DefaultResampler")
(ResampleInterpolator "FinalBSplineInterpolator")
(FinalBSplineInterpolationOrder 1)

(DefaultPixelValue 0)
(WriteResultImage "true")
(ResultImageFormat "tif")
(ResultImagePixelType "float")

=============== end of ParameterFile: examples/affine_example/affine.txt ===============


Reading images...
Reading images took 0 ms.

WARNING: the fixed pyramid schedule is not fully specified!
  A default pyramid schedule is used.
WARNING: the moving pyramid schedule is not fully specified!
  A default pyramid schedule is used.
WARNING: The parameter "AutomaticTransformInitialization", requested at entry number 0, does not exist at all.
  The default value "false" is used instead.
WARNING: The parameter "AutomaticTransformInitializationMethod", requested at entry number 0, does not exist at all.
  The default value "GeometricalCenter" is used instead.
Transform parameters are initialized as: [1, 0, 0, 0, 1, 0, 0, 0, 1, 0, 0, 0]
InitializeTransform took 0.00s
Scales are estimated automatically.
Scales for transform parameters are: [2628.442333603407, 2047.0362098566422, 108.83665500526303, 2628.442333603407, 2047.0362098566422, 108.83665500526303, 2628.442333603407, 2047.0362098566422, 108.83665500526303, 1, 1, 1]
Initialization of all components (before registration) took: 1 ms.
Preparation of the image pyramids took: 21 ms.

Resolution: 0
WARNING: The parameter "NewSamplesEveryIteration", requested at entry number 0, does not exist at all.
  The default value "false" is used instead.
WARNING: The parameter "ShowExactMetricValue", requested at entry number 0, does not exist at all.
  The default value "false" is used instead.
WARNING: The parameter "CheckNumberOfSamples", requested at entry number 0, does not exist at all.
  The default value "true" is used instead.
WARNING: The parameter "UseMultiThreadingForMetrics", requested at entry number 0, does not exist at all.
  The default value "true" is used instead.
WARNING: The parameter "NewSamplesEveryIteration", requested at entry number 0, does not exist at all.
  The default value "false" is used instead.
Setting the fixed masks took: 0 ms.
Setting the moving masks took: 0 ms.
WARNING: The parameter "UseNormalization", requested at entry number 0, does not exist at all.
  The default value "false" is used instead.
WARNING: The parameter "SP_A", requested at entry number 0, does not exist at all.
  The default value "20" is used instead.
WARNING: The parameter "MaximumNumberOfSamplingAttempts", requested at entry number 0, does not exist at all.
  The default value "0" is used instead.
WARNING: The parameter "SigmoidInitialTime", requested at entry number 0, does not exist at all.
  The default value "0" is used instead.
WARNING: The parameter "MaxBandCovSize", requested at entry number 0, does not exist at all.
  The default value "192" is used instead.
WARNING: The parameter "NumberOfBandStructureSamples", requested at entry number 0, does not exist at all.
  The default value "10" is used instead.
WARNING: The parameter "UseAdaptiveStepSizes", requested at entry number 0, does not exist at all.
  The default value "true" is used instead.
WARNING: The parameter "UseConstantStep", requested at entry number 0, does not exist at all.
  The default value "false" is used instead.
WARNING: The parameter "MaximumStepLengthRatio", requested at entry number 0, does not exist at all.
  The default value "1" is used instead.
WARNING: The parameter "MaximumStepLength", requested at entry number 0, does not exist at all.
  The default value "1" is used instead.
WARNING: The parameter "NumberOfGradientMeasurements", requested at entry number 0, does not exist at all.
  The default value "0" is used instead.
WARNING: The parameter "NumberOfJacobianMeasurements", requested at entry number 0, does not exist at all.
  The default value "1000" is used instead.
WARNING: The parameter "NumberOfSamplesForExactGradient", requested at entry number 0, does not exist at all.
  The default value "100000" is used instead.
WARNING: The parameter "SigmoidScaleFactor", requested at entry number 0, does not exist at all.
  The default value "0.1" is used instead.
Elastix initialization of all components (for this resolution) took: 0 ms.
Initialization of AdvancedMeanSquares metric took: 0 ms.
Starting automatic parameter estimation for AdaptiveStochasticGradientDescent ...
WARNING: The parameter "ASGDParameterEstimationMethod", requested at entry number 0, does not exist at all.
  The default value "Original" is used instead.
  Computing JacobianTerms ...
  Computing the Jacobian terms took 0.000868s
  NumberOfGradientMeasurements to estimate sigma_i: 3
  Sampling gradients ...
  Sampling the gradients took 0.002886s
Automatic parameter estimation took 0.00s
1:ItNr	2:Metric	3a:Time	3b:StepSize	4:||Gradient||	Time[ms]
0	1.343020	0.000000	0.151141	1.993786	5.0
1	0.870793	0.000000	0.151141	1.196103	0.9
2	0.689042	0.000000	0.151141	0.845930	0.8
3	0.594916	0.000000	0.151141	0.649659	0.8
4	0.536722	0.000000	0.151141	0.535667	0.8
5	0.497451	0.000000	0.151141	0.451442	0.8
6	0.470025	0.000000	0.151141	0.383890	0.9
7	0.449238	0.000000	0.151141	0.336674	1.1
8	0.433829	0.000000	0.151141	0.294968	1.2
9	0.422053	0.000000	0.151141	0.265405	1.0
10	0.411809	0.000000	0.151141	0.242251	1.2
11	0.403483	0.000000	0.151141	0.223369	1.3
12	0.394296	0.000000	0.151141	0.204172	1.2
13	0.388849	0.000000	0.151141	0.191098	1.1
14	0.383546	0.000000	0.151141	0.179238	1.0
15	0.379027	0.000000	0.151141	0.168651	0.9
16	0.374841	0.000000	0.151141	0.160409	1.0
17	0.370989	0.000000	0.151141	0.152736	1.1
18	0.367793	0.000000	0.151141	0.144722	0.9
19	0.364674	0.000000	0.151141	0.139142	0.8
20	0.362407	0.000000	0.151141	0.132376	0.9
21	0.359700	0.000000	0.151141	0.128017	0.8
22	0.357810	0.000000	0.151141	0.124113	0.8
23	0.355623	0.000000	0.151141	0.119546	0.9
24	0.353511	0.000000	0.151141	0.115414	0.8
25	0.351519	0.000000	0.151141	0.112391	1.0
26	0.349634	0.000000	0.151141	0.107990	1.0
27	0.347779	0.000000	0.151141	0.105722	1.1
28	0.346086	0.000000	0.151141	0.103374	1.2
29	0.344492	0.000000	0.151141	0.100922	0.9
30	0.342819	0.000000	0.151141	0.098746	0.9
31	0.341338	0.000000	0.151141	0.096885	0.9
32	0.339946	0.000000	0.151141	0.094911	1.0
33	0.338001	0.000000	0.151141	0.093558	0.9
34	0.336804	0.000000	0.151141	0.091525	0.9
35	0.335399	0.000000	0.151141	0.090005	1.1
36	0.334163	0.000000	0.151141	0.088699	0.9
37	0.334632	0.000000	0.151141	0.086395	1.0
38	0.333492	0.000000	0.151141	0.084990	0.9
39	0.332290	0.000000	0.151141	0.083922	1.0
40	0.331592	0.000000	0.151141	0.082590	0.9
41	0.331347	0.000000	0.151141	0.080367	1.0
42	0.330648	0.000000	0.151141	0.079211	1.1
43	0.329827	0.000000	0.151141	0.077963	1.2
44	0.328841	0.000000	0.151141	0.076986	0.9
45	0.328048	0.000000	0.151141	0.076268	0.8
46	0.327135	0.000000	0.151141	0.075356	0.9
47	0.326249	0.000000	0.151141	0.073944	1.1
48	0.325402	0.000000	0.151141	0.073200	0.9
49	0.324637	0.000000	0.151141	0.072385	0.9
50	0.323689	0.000000	0.151141	0.071473	1.0
51	0.322363	0.000000	0.151141	0.071138	1.0
52	0.321527	0.000000	0.151141	0.069971	1.1
53	0.320750	0.000000	0.151141	0.069251	1.1
54	0.320011	0.000000	0.151141	0.068330	1.0
55	0.319304	0.000000	0.151141	0.067644	0.9
56	0.318586	0.000000	0.151141	0.067027	0.9
57	0.317910	0.000000	0.151141	0.066452	0.9
58	0.317265	0.000000	0.151141	0.065926	1.0
59	0.316612	0.000000	0.151141	0.065198	1.4
60	0.315957	0.000000	0.151141	0.064622	1.0
61	0.315296	0.000000	0.151141	0.064035	0.9
62	0.314679	0.000000	0.151141	0.063576	0.9
63	0.314060	0.000000	0.151141	0.062994	0.9
64	0.313431	0.000000	0.151141	0.062507	0.9
65	0.312799	0.000000	0.151141	0.062029	0.9
66	0.312095	0.000000	0.151141	0.061514	1.0
67	0.311024	0.000000	0.151141	0.061054	1.0
68	0.309831	0.000000	0.151141	0.060500	1.1
69	0.308938	0.000000	0.151141	0.060572	0.9
70	0.308434	0.000000	0.151141	0.060708	0.9
71	0.307816	0.000000	0.151141	0.060098	0.9
72	0.307239	0.000000	0.151141	0.059599	1.0
73	0.306680	0.000000	0.151141	0.059234	0.8
74	0.306160	0.000000	0.151141	0.058797	0.8
75	0.305673	0.000000	0.151141	0.058223	0.8
76	0.305163	0.000000	0.151141	0.057381	1.0
77	0.304668	0.000000	0.151141	0.056877	1.2
78	0.304166	0.000000	0.151141	0.056476	0.9
79	0.303700	0.000000	0.151141	0.056064	0.8
80	0.303226	0.000000	0.151141	0.055685	0.8
81	0.302977	0.000000	0.151141	0.055377	0.9
82	0.302674	0.000000	0.151141	0.055614	0.9
83	0.302160	0.000000	0.151141	0.055207	0.9
84	0.300661	0.000000	0.151141	0.054794	1.2
85	0.300168	0.000000	0.151141	0.054443	0.9
86	0.299662	0.000000	0.151141	0.054036	1.1
87	0.299310	0.000000	0.151141	0.053588	0.9
88	0.298896	0.000000	0.151141	0.053550	0.8
89	0.298463	0.000000	0.151141	0.053655	0.9
90	0.297944	0.000000	0.151141	0.053299	1.0
91	0.297516	0.000000	0.151141	0.052940	0.8
92	0.296988	0.000000	0.151141	0.052553	0.8
93	0.296572	0.000000	0.151141	0.052115	0.9
94	0.296100	0.000000	0.151141	0.051730	1.1
95	0.295796	0.000000	0.151141	0.051399	1.0
96	0.295371	0.000000	0.151141	0.050988	1.0
97	0.294944	0.000000	0.151141	0.050663	0.8
98	0.294539	0.000000	0.151141	0.050352	0.8
99	0.294123	0.000000	0.151141	0.050046	0.9
100	0.293746	0.000000	0.151141	0.050068	0.8
101	0.291727	0.000000	0.151141	0.049770	0.9
102	0.291400	0.000000	0.151141	0.049896	2.0
103	0.291014	0.000000	0.151141	0.049592	1.7
104	0.290460	0.000000	0.151141	0.049300	2.0
105	0.290029	0.000000	0.151141	0.048985	19.1
106	0.289615	0.000000	0.151141	0.048654	9.6
107	0.289202	0.000000	0.151141	0.048417	1.8
108	0.288476	0.000000	0.151141	0.047974	1.1
109	0.288099	0.000000	0.151141	0.047674	1.2
110	0.287700	0.000000	0.151141	0.047507	8.3
111	0.287305	0.000000	0.151141	0.047424	0.8
112	0.286919	0.000000	0.151141	0.047072	0.9
113	0.286552	0.000000	0.151141	0.046825	0.8
114	0.286178	0.000000	0.151141	0.046487	1.0
115	0.285850	0.000000	0.151141	0.046225	1.0
116	0.285515	0.000000	0.151141	0.046038	1.0
117	0.285175	0.000000	0.151141	0.045985	0.9
118	0.283398	0.000000	0.151141	0.046164	0.8
119	0.282950	0.000000	0.151141	0.045937	0.9
120	0.282616	0.000000	0.151141	0.045663	0.8
121	0.282166	0.000000	0.151141	0.045381	0.8
122	0.281773	0.000000	0.151141	0.045120	0.9
123	0.281461	0.000000	0.151141	0.044881	0.9
124	0.281134	0.000000	0.151141	0.044661	1.2
125	0.280761	0.000000	0.151141	0.044398	1.1
126	0.280438	0.000000	0.151141	0.044150	1.2
127	0.280030	0.000000	0.151141	0.043935	1.0
128	0.279739	0.000000	0.151141	0.043710	0.9
129	0.279451	0.000000	0.151141	0.043486	1.0
130	0.279107	0.000000	0.151141	0.043185	0.9
131	0.278830	0.000000	0.151141	0.042966	0.9
132	0.278476	0.000000	0.151141	0.042770	0.9
133	0.278200	0.000000	0.151141	0.042570	0.9
134	0.277884	0.000000	0.151141	0.042503	1.0
135	0.276991	0.000000	0.151141	0.042808	1.0
136	0.276697	0.000000	0.151141	0.042411	0.9
137	0.276502	0.000000	0.151141	0.042177	0.8
138	0.276235	0.000000	0.151141	0.041929	0.9
139	0.275911	0.000000	0.151141	0.041889	0.9
140	0.275500	0.000000	0.151141	0.041730	0.9
141	0.275156	0.000000	0.151141	0.041498	1.3
142	0.274860	0.000000	0.151141	0.041245	1.0
143	0.274562	0.000000	0.151141	0.041078	0.8
144	0.274261	0.000000	0.151141	0.041523	0.8
145	0.273947	0.000000	0.151141	0.041462	0.8
146	0.273687	0.000000	0.151141	0.041239	0.8
147	0.273400	0.000000	0.151141	0.040947	0.8
148	0.273093	0.000000	0.151141	0.040701	1.0
149	0.272744	0.000000	0.151141	0.041258	0.9
150	0.272423	0.000000	0.151141	0.041070	0.9
151	0.272169	0.000000	0.151141	0.040890	1.0
152	0.271508	0.000000	0.151141	0.040674	0.9
153	0.271266	0.000000	0.151141	0.040480	0.9
154	0.270970	0.000000	0.151141	0.040243	1.0
155	0.270692	0.000000	0.151141	0.040221	0.8
156	0.270488	0.000000	0.151141	0.040127	0.8
157	0.269881	0.000000	0.151141	0.040226	1.4
158	0.269632	0.000000	0.151141	0.040201	4.7
159	0.269389	0.000000	0.151141	0.039970	1.3
160	0.269149	0.000000	0.151141	0.040406	1.8
161	0.268739	0.000000	0.151141	0.040378	1.0
162	0.268456	0.000000	0.151141	0.040175	1.0
163	0.268155	0.000000	0.151141	0.040015	1.1
164	0.267902	0.000000	0.151141	0.039851	0.9
165	0.267607	0.000000	0.151141	0.040402	0.9
166	0.267332	0.000000	0.151141	0.040172	0.8
167	0.267048	0.000000	0.151141	0.040098	0.9
168	0.265964	0.000000	0.151141	0.040286	1.0
169	0.265700	0.000000	0.151141	0.040201	1.0
170	0.265277	0.000000	0.151141	0.040038	1.2
171	0.264905	0.000000	0.151141	0.039875	1.3
172	0.264508	0.000000	0.151141	0.039632	0.9
173	0.264229	0.000000	0.151141	0.039448	0.8
174	0.263891	0.000000	0.151141	0.039336	0.9
175	0.263645	0.000000	0.151141	0.039156	0.9
176	0.263429	0.000000	0.151141	0.038883	0.9
177	0.263201	0.000000	0.151141	0.038686	0.9
178	0.262934	0.000000	0.151141	0.038513	1.0
179	0.262631	0.000000	0.151141	0.038314	1.0
180	0.262391	0.000000	0.151141	0.038139	1.0
181	0.262076	0.000000	0.151141	0.037967	1.2
182	0.261842	0.000000	0.151141	0.037817	1.0
183	0.261600	0.000000	0.151141	0.037626	0.9
184	0.259995	0.000000	0.151141	0.037335	0.9
185	0.259758	0.000000	0.151141	0.037370	0.8
186	0.259512	0.000000	0.151141	0.037289	0.9
187	0.259268	0.000000	0.151141	0.037136	1.0
188	0.259045	0.000000	0.151141	0.036917	1.3
189	0.258794	0.000000	0.151141	0.036745	1.0
190	0.258344	0.000000	0.151141	0.036702	0.8
191	0.257895	0.000000	0.151141	0.036516	0.9
192	0.257680	0.000000	0.151141	0.036868	0.8
193	0.257464	0.000000	0.151141	0.036701	0.9
194	0.257252	0.000000	0.151141	0.036539	0.9
195	0.257047	0.000000	0.151141	0.036322	1.1
196	0.256818	0.000000	0.151141	0.036138	0.9
197	0.256591	0.000000	0.151141	0.037113	0.9
198	0.256348	0.000000	0.151141	0.036954	0.9
199	0.256025	0.000000	0.151141	0.036765	0.9
200	0.254251	0.000000	0.151141	0.036821	0.9
201	0.254047	0.000000	0.151141	0.036675	1.0
202	0.253844	0.000000	0.151141	0.036467	0.8
203	0.253638	0.000000	0.151141	0.036270	0.8
204	0.253412	0.000000	0.151141	0.036080	0.8
205	0.253151	0.000000	0.151141	0.035905	1.0
206	0.252922	0.000000	0.151141	0.035710	1.0
207	0.252719	0.000000	0.151141	0.035530	0.8
208	0.252457	0.000000	0.151141	0.035353	0.9
209	0.252217	0.000000	0.151141	0.035213	0.9
210	0.251981	0.000000	0.151141	0.034912	0.9
211	0.251754	0.000000	0.151141	0.034730	0.8
212	0.251573	0.000000	0.151141	0.034603	0.8
213	0.251380	0.000000	0.151141	0.034565	0.9
214	0.251171	0.000000	0.151141	0.034326	1.0
215	0.250017	0.000000	0.151141	0.034802	1.0
216	0.249801	0.000000	0.151141	0.034560	0.9
217	0.249583	0.000000	0.151141	0.034387	0.8
218	0.249389	0.000000	0.151141	0.034177	0.9
219	0.249122	0.000000	0.151141	0.034060	0.8
220	0.248933	0.000000	0.151141	0.033881	0.8
221	0.248766	0.000000	0.151141	0.033712	0.9
222	0.248800	0.000000	0.151141	0.033905	1.0
223	0.248590	0.000000	0.151141	0.033722	1.1
224	0.248327	0.000000	0.151141	0.033641	0.8
225	0.248147	0.000000	0.151141	0.033559	0.9
226	0.247952	0.000000	0.151141	0.033402	0.9
227	0.247784	0.000000	0.151141	0.033376	1.0
228	0.247546	0.000000	0.151141	0.033272	0.8
229	0.247341	0.000000	0.151141	0.033159	0.9
230	0.247159	0.000000	0.151141	0.032962	0.9
231	0.246746	0.000000	0.151141	0.032916	1.0
232	0.246538	0.000000	0.151141	0.032753	1.0
233	0.246362	0.000000	0.151141	0.032482	1.2
234	0.246179	0.000000	0.151141	0.032313	0.9
235	0.245969	0.000000	0.151141	0.032323	1.0
236	0.245777	0.000000	0.151141	0.032198	0.8
237	0.245621	0.000000	0.151141	0.032029	0.9
238	0.245438	0.000000	0.151141	0.031898	0.8
239	0.245254	0.000000	0.151141	0.031761	0.9
240	0.245034	0.000000	0.151141	0.031634	1.1
241	0.244801	0.000000	0.151141	0.031748	1.2
242	0.244649	0.000000	0.151141	0.031560	0.9
243	0.244499	0.000000	0.151141	0.031490	0.8
244	0.244349	0.000000	0.151141	0.031326	0.8
245	0.244201	0.000000	0.151141	0.031237	0.9
246	0.244054	0.000000	0.151141	0.031034	1.0
247	0.243872	0.000000	0.151141	0.030873	0.9
248	0.243671	0.000000	0.151141	0.030797	0.9
249	0.243468	0.000000	0.151141	0.030634	1.1
250	0.243303	0.000000	0.151141	0.030503	1.2
251	0.243131	0.000000	0.151141	0.030509	1.1
252	0.242988	0.000000	0.151141	0.030373	1.0
253	0.242791	0.000000	0.151141	0.030073	1.0
254	0.242662	0.000000	0.151141	0.029941	1.0
255	0.242487	0.000000	0.151141	0.030032	0.9
256	0.242337	0.000000	0.151141	0.029964	0.9
257	0.242198	0.000000	0.151141	0.029897	1.0
258	0.242003	0.000000	0.151141	0.029777	1.4
259	0.241885	0.000000	0.151141	0.029801	0.9
260	0.241712	0.000000	0.151141	0.029644	0.9
261	0.241579	0.000000	0.151141	0.029525	0.8
262	0.241398	0.000000	0.151141	0.029329	0.8
263	0.241253	0.000000	0.151141	0.029240	0.8
264	0.241082	0.000000	0.151141	0.029126	1.2
265	0.240954	0.000000	0.151141	0.029115	1.1
266	0.240826	0.000000	0.151141	0.029032	1.0
267	0.240648	0.000000	0.151141	0.028920	1.0
268	0.240484	0.000000	0.151141	0.029446	1.0
269	0.240369	0.000000	0.151141	0.029345	1.0
270	0.240239	0.000000	0.151141	0.029210	1.0
271	0.240110	0.000000	0.151141	0.029000	0.9
272	0.239928	0.000000	0.151141	0.028907	0.8
273	0.239792	0.000000	0.151141	0.028651	0.9
274	0.239646	0.000000	0.151141	0.028518	1.0
275	0.239523	0.000000	0.151141	0.028309	1.2
276	0.239403	0.000000	0.151141	0.028104	0.9
277	0.239394	0.000000	0.151141	0.027922	0.8
278	0.239247	0.000000	0.151141	0.027833	0.8
279	0.239085	0.000000	0.151141	0.027722	0.8
280	0.238929	0.000000	0.151141	0.027563	0.8
281	0.238796	0.000000	0.151141	0.028053	0.8
282	0.238663	0.000000	0.151141	0.027719	0.9
283	0.238547	0.000000	0.151141	0.027578	1.0
284	0.238400	0.000000	0.151141	0.027464	1.0
285	0.238262	0.000000	0.151141	0.027345	0.9
286	0.238126	0.000000	0.151141	0.027202	0.9
287	0.237953	0.000000	0.151141	0.027180	0.8
288	0.237836	0.000000	0.151141	0.027068	0.9
289	0.237726	0.000000	0.151141	0.026995	0.9
290	0.237564	0.000000	0.151141	0.026899	0.9
291	0.237455	0.000000	0.151141	0.026836	0.8
292	0.237323	0.000000	0.151141	0.026681	0.9
293	0.237194	0.000000	0.151141	0.027477	1.2
294	0.237068	0.000000	0.151141	0.027339	0.9
295	0.236951	0.000000	0.151141	0.027242	0.8
296	0.236841	0.000000	0.151141	0.027117	0.9
297	0.236705	0.000000	0.151141	0.026994	0.8
298	0.236582	0.000000	0.151141	0.026853	0.8
299	0.236445	0.000000	0.151141	0.026728	0.8
300	0.236295	0.000000	0.151141	0.026610	0.9
301	0.236188	0.000000	0.151141	0.026478	1.0
302	0.236082	0.000000	0.151141	0.026787	1.0
303	0.235924	0.000000	0.151141	0.026692	1.0
304	0.235824	0.000000	0.151141	0.026604	0.9
305	0.235681	0.000000	0.151141	0.026510	0.8
306	0.235565	0.000000	0.151141	0.026398	0.9
307	0.235423	0.000000	0.151141	0.026275	0.9
308	0.235283	0.000000	0.151141	0.026187	1.1
309	0.235180	0.000000	0.151141	0.026047	0.8
310	0.235205	0.000000	0.151141	0.026052	0.9
311	0.235073	0.000000	0.151141	0.025916	1.0
312	0.234972	0.000000	0.151141	0.025707	1.1
313	0.234842	0.000000	0.151141	0.026200	0.8
314	0.234738	0.000000	0.151141	0.026086	0.9
315	0.234635	0.000000	0.151141	0.026168	0.8
316	0.234521	0.000000	0.151141	0.026063	0.9
317	0.234409	0.000000	0.151141	0.025945	0.8
318	0.234300	0.000000	0.151141	0.025876	0.9
319	0.234188	0.000000	0.151141	0.025756	0.9
320	0.234076	0.000000	0.151141	0.025678	1.1
321	0.233951	0.000000	0.151141	0.025569	0.9
322	0.233787	0.000000	0.151141	0.025428	0.8
323	0.233667	0.000000	0.151141	0.025367	0.8
324	0.233570	0.000000	0.151141	0.025265	0.9
325	0.233435	0.000000	0.151141	0.025163	0.8
326	0.233291	0.000000	0.151141	0.025683	0.9
327	0.233062	0.000000	0.151141	0.025750	0.9
328	0.232963	0.000000	0.151141	0.025624	1.0
329	0.232864	0.000000	0.151141	0.025499	1.2
330	0.232765	0.000000	0.151141	0.025442	0.9
331	0.232668	0.000000	0.151141	0.025320	0.8
332	0.232572	0.000000	0.151141	0.025087	0.8
333	0.232087	0.000000	0.151141	0.024999	0.9
334	0.231986	0.000000	0.151141	0.024892	0.8
335	0.231882	0.000000	0.151141	0.024798	0.9
336	0.231790	0.000000	0.151141	0.024682	0.9
337	0.231699	0.000000	0.151141	0.024495	0.9
338	0.231611	0.000000	0.151141	0.024388	1.0
339	0.231521	0.000000	0.151141	0.024295	1.0
340	0.231432	0.000000	0.151141	0.024202	0.9
341	0.231331	0.000000	0.151141	0.024104	0.8
342	0.231230	0.000000	0.151141	0.024027	0.9
343	0.231030	0.000000	0.151141	0.024140	0.8
344	0.230927	0.000000	0.151141	0.024356	0.8
345	0.230766	0.000000	0.151141	0.024245	0.8
346	0.230667	0.000000	0.151141	0.024141	0.9
347	0.230544	0.000000	0.151141	0.024052	1.1
348	0.230447	0.000000	0.151141	0.024197	1.2
349	0.230331	0.000000	0.151141	0.024105	0.9
350	0.230234	0.000000	0.151141	0.024071	0.9
351	0.230111	0.000000	0.151141	0.023843	0.9
352	0.230006	0.000000	0.151141	0.023738	0.9
353	0.229893	0.000000	0.151141	0.023652	0.9
354	0.229800	0.000000	0.151141	0.023547	1.0
355	0.229716	0.000000	0.151141	0.023424	1.0
356	0.229608	0.000000	0.151141	0.023349	1.0
357	0.229525	0.000000	0.151141	0.023199	1.0
358	0.229416	0.000000	0.151141	0.023103	0.9
359	0.229313	0.000000	0.151141	0.023017	0.8
360	0.229233	0.000000	0.151141	0.023514	1.0
361	0.229150	0.000000	0.151141	0.023407	0.9
362	0.229054	0.000000	0.151141	0.023295	0.9
363	0.228963	0.000000	0.151141	0.023204	0.9
364	0.228865	0.000000	0.151141	0.023118	0.9
365	0.228764	0.000000	0.151141	0.023009	1.1
366	0.228684	0.000000	0.151141	0.022935	1.2
367	0.228600	0.000000	0.151141	0.022854	0.8
368	0.228519	0.000000	0.151141	0.023537	0.8
369	0.228420	0.000000	0.151141	0.023617	0.8
370	0.228316	0.000000	0.151141	0.023732	1.0
371	0.228144	0.000000	0.151141	0.023562	0.9
372	0.228059	0.000000	0.151141	0.023462	0.9
373	0.227963	0.000000	0.151141	0.023367	1.0
374	0.227881	0.000000	0.151141	0.023204	1.0
375	0.227753	0.000000	0.151141	0.023133	1.0
376	0.227671	0.000000	0.151141	0.023307	0.9
377	0.227558	0.000000	0.151141	0.023215	1.0
378	0.227467	0.000000	0.151141	0.023147	0.8
379	0.227343	0.000000	0.151141	0.023065	0.9
380	0.227269	0.000000	0.151141	0.022947	0.8
381	0.227190	0.000000	0.151141	0.022847	1.0
382	0.227101	0.000000	0.151141	0.022753	1.8
383	0.227023	0.000000	0.151141	0.022646	1.1
384	0.226938	0.000000	0.151141	0.022558	1.0
385	0.226825	0.000000	0.151141	0.022476	1.0
386	0.226737	0.000000	0.151141	0.022381	0.9
387	0.226662	0.000000	0.151141	0.022278	0.8
388	0.226587	0.000000	0.151141	0.022167	0.9
389	0.226512	0.000000	0.151141	0.022067	0.9
390	0.226438	0.000000	0.151141	0.021919	1.1
391	0.226358	0.000000	0.151141	0.021840	0.9
392	0.226241	0.000000	0.151141	0.021771	0.9
393	0.226223	0.000000	0.151141	0.021672	0.9
394	0.226160	0.000000	0.151141	0.021943	0.9
395	0.226079	0.000000	0.151141	0.022276	0.9
396	0.226004	0.000000	0.151141	0.022170	1.0
397	0.225930	0.000000	0.151141	0.022133	0.9
398	0.225856	0.000000	0.151141	0.022064	0.9
399	0.225782	0.000000	0.151141	0.022227	1.1
400	0.225707	0.000000	0.151141	0.022146	1.0
401	0.225357	0.000000	0.151141	0.022606	0.8
402	0.225262	0.000000	0.151141	0.022453	0.9
403	0.225174	0.000000	0.151141	0.022363	0.9
404	0.225099	0.000000	0.151141	0.022259	0.9
405	0.225001	0.000000	0.151141	0.022185	0.8
406	0.224916	0.000000	0.151141	0.022145	0.9
407	0.224830	0.000000	0.151141	0.022043	0.9
408	0.224754	0.000000	0.151141	0.022011	1.2
409	0.224681	0.000000	0.151141	0.021908	1.0
410	0.224435	0.000000	0.151141	0.021828	0.9
411	0.224324	0.000000	0.151141	0.021837	0.9
412	0.224261	0.000000	0.151141	0.021747	0.9
413	0.224166	0.000000	0.151141	0.022070	0.9
414	0.224074	0.000000	0.151141	0.022067	0.9
415	0.223976	0.000000	0.151141	0.021905	1.0
416	0.223903	0.000000	0.151141	0.021828	1.2
417	0.223831	0.000000	0.151141	0.021741	0.8
418	0.223745	0.000000	0.151141	0.021790	0.8
419	0.223674	0.000000	0.151141	0.021702	0.8
420	0.222611	0.000000	0.151141	0.021747	0.8
421	0.222508	0.000000	0.151141	0.021660	0.9
422	0.222490	0.000000	0.151141	0.021551	0.8
423	0.222398	0.000000	0.151141	0.021471	0.8
424	0.222321	0.000000	0.151141	0.025696	0.9
425	0.222200	0.000000	0.151141	0.025577	0.9
426	0.222101	0.000000	0.151141	0.025152	1.1
427	0.221990	0.000000	0.151141	0.025665	1.3
428	0.221891	0.000000	0.151141	0.025610	1.2
429	0.221067	0.000000	0.151141	0.025468	1.1
430	0.220993	0.000000	0.151141	0.025382	1.1
431	0.220914	0.000000	0.151141	0.025290	1.1
432	0.220794	0.000000	0.151141	0.025154	1.5
433	0.220669	0.000000	0.151141	0.025317	1.2
434	0.220572	0.000000	0.151141	0.025344	1.0
435	0.220475	0.000000	0.151141	0.025245	0.9
436	0.220361	0.000000	0.151141	0.025134	0.9
437	0.220265	0.000000	0.151141	0.025016	1.0
438	0.220005	0.000000	0.151141	0.024939	1.2
439	0.219879	0.000000	0.151141	0.024837	1.1
440	0.219748	0.000000	0.151141	0.024721	1.2
441	0.219648	0.000000	0.151141	0.024624	1.1
442	0.219544	0.000000	0.151141	0.024514	1.1
443	0.219453	0.000000	0.151141	0.024415	1.1
444	0.219363	0.000000	0.151141	0.024306	1.0
445	0.219274	0.000000	0.151141	0.024226	1.0
446	0.219186	0.000000	0.151141	0.024179	1.2
447	0.219097	0.000000	0.151141	0.024081	1.1
448	0.219000	0.000000	0.151141	0.023995	1.6
449	0.218887	0.000000	0.151141	0.023892	1.0
450	0.218762	0.000000	0.151141	0.023802	0.9
451	0.218677	0.000000	0.151141	0.023706	1.0
452	0.217493	0.000000	0.151141	0.023665	1.0
453	0.217414	0.000000	0.151141	0.023563	0.9
454	0.217322	0.000000	0.151141	0.023437	1.1
455	0.217217	0.000000	0.151141	0.023348	0.9
456	0.217135	0.000000	0.151141	0.023248	1.0
457	0.217055	0.000000	0.151141	0.023130	1.0
458	0.216956	0.000000	0.151141	0.023023	0.9
459	0.216872	0.000000	0.151141	0.022919	1.0
460	0.216778	0.000000	0.151141	0.022797	1.1
461	0.216668	0.000000	0.151141	0.022686	1.0
462	0.216590	0.000000	0.151141	0.022583	1.0
463	0.216513	0.000000	0.151141	0.022480	1.1
464	0.216435	0.000000	0.151141	0.022435	1.3
465	0.216342	0.000000	0.151141	0.022347	1.0
466	0.216248	0.000000	0.151141	0.022282	0.9
467	0.216113	0.000000	0.151141	0.022222	1.1
468	0.216034	0.000000	0.151141	0.022186	0.9
469	0.215933	0.000000	0.151141	0.022094	0.9
470	0.215851	0.000000	0.151141	0.022050	0.9
471	0.215772	0.000000	0.151141	0.022005	1.1
472	0.215699	0.000000	0.151141	0.021919	1.1
473	0.215645	0.000000	0.151141	0.021868	1.1
474	0.215573	0.000000	0.151141	0.021736	1.0
475	0.215502	0.000000	0.151141	0.021605	1.0
476	0.214398	0.000000	0.151141	0.021731	1.0
477	0.214310	0.000000	0.151141	0.021879	1.2
478	0.214231	0.000000	0.151141	0.021767	1.0
479	0.214147	0.000000	0.151141	0.021767	1.4
480	0.214067	0.000000	0.151141	0.021671	1.3
481	0.213996	0.000000	0.151141	0.021592	1.0
482	0.213920	0.000000	0.151141	0.021460	1.0
483	0.213849	0.000000	0.151141	0.021827	0.9
484	0.213748	0.000000	0.151141	0.021734	0.9
485	0.213608	0.000000	0.151141	0.021649	1.1
486	0.213537	0.000000	0.151141	0.021547	0.9
487	0.213447	0.000000	0.151141	0.021441	1.1
488	0.213279	0.000000	0.151141	0.021333	1.3
489	0.213160	0.000000	0.151141	0.021271	1.1
490	0.213092	0.000000	0.151141	0.021173	1.0
491	0.213019	0.000000	0.151141	0.021088	1.0
492	0.212950	0.000000	0.151141	0.020998	1.0
493	0.212884	0.000000	0.151141	0.020906	1.1
494	0.212775	0.000000	0.151141	0.020821	1.2
495	0.212710	0.000000	0.151141	0.020727	1.8
496	0.212645	0.000000	0.151141	0.020800	1.0
497	0.212568	0.000000	0.151141	0.020729	1.1
498	0.212499	0.000000	0.151141	0.020650	0.9
499	0.212425	0.000000	0.151141	0.020578	0.9
500	0.211977	0.000000	0.151141	0.020800	0.9
501	0.211888	0.000000	0.151141	0.020688	0.9
502	0.211823	0.000000	0.151141	0.021272	1.0
503	0.211736	0.000000	0.151141	0.021091	1.0
504	0.211663	0.000000	0.151141	0.020990	1.0
505	0.211597	0.000000	0.151141	0.020873	1.0
506	0.211531	0.000000	0.151141	0.020798	0.9
507	0.211442	0.000000	0.151141	0.021819	0.9
508	0.211280	0.000000	0.151141	0.021706	0.8
509	0.211202	0.000000	0.151141	0.021610	0.8
510	0.211131	0.000000	0.151141	0.021513	0.9
511	0.211043	0.000000	0.151141	0.021444	1.1
Time spent in resolution 0 (ITK initialization and iterating): 0.546
Stopping condition: Maximum number of iterations has been reached.
Settings of AdaptiveStochasticGradientDescent in resolution 0:
( SP_a 3.173963 )
( SP_A 20.000000 )
( SP_alpha 1.000000 )
( SigmoidMax 1.000000 )
( SigmoidMin -0.010000 )
( SigmoidScale 0.000000 )


Resolution: 1
WARNING: The parameter "NewSamplesEveryIteration", requested at entry number 1, does not exist at all.
  The default value "false" is used instead.
WARNING: The parameter "ShowExactMetricValue", requested at entry number 1, does not exist at all.
  The default value "false" is used instead.
WARNING: The parameter "CheckNumberOfSamples", requested at entry number 1, does not exist at all.
  The default value "true" is used instead.
WARNING: The parameter "UseMultiThreadingForMetrics", requested at entry number 1, does not exist at all.
  The default value "true" is used instead.
WARNING: The parameter "NewSamplesEveryIteration", requested at entry number 1, does not exist at all.
  The default value "false" is used instead.
Setting the fixed masks took: 0 ms.
Setting the moving masks took: 0 ms.
WARNING: The parameter "UseNormalization", requested at entry number 1, does not exist at all.
  The default value "false" is used instead.
WARNING: The parameter "SP_A", requested at entry number 1, does not exist at all.
  The default value "20" is used instead.
WARNING: The parameter "MaximumNumberOfSamplingAttempts", requested at entry number 1, does not exist at all.
  The default value "0" is used instead.
WARNING: The parameter "SigmoidInitialTime", requested at entry number 1, does not exist at all.
  The default value "0" is used instead.
WARNING: The parameter "MaxBandCovSize", requested at entry number 1, does not exist at all.
  The default value "192" is used instead.
WARNING: The parameter "NumberOfBandStructureSamples", requested at entry number 1, does not exist at all.
  The default value "10" is used instead.
WARNING: The parameter "UseAdaptiveStepSizes", requested at entry number 1, does not exist at all.
  The default value "true" is used instead.
WARNING: The parameter "UseConstantStep", requested at entry number 1, does not exist at all.
  The default value "false" is used instead.
WARNING: The parameter "MaximumStepLengthRatio", requested at entry number 1, does not exist at all.
  The default value "1" is used instead.
WARNING: The parameter "MaximumStepLength", requested at entry number 1, does not exist at all.
  The default value "1" is used instead.
WARNING: The parameter "NumberOfGradientMeasurements", requested at entry number 1, does not exist at all.
  The default value "0" is used instead.
WARNING: The parameter "NumberOfJacobianMeasurements", requested at entry number 1, does not exist at all.
  The default value "1000" is used instead.
WARNING: The parameter "NumberOfSamplesForExactGradient", requested at entry number 1, does not exist at all.
  The default value "100000" is used instead.
WARNING: The parameter "SigmoidScaleFactor", requested at entry number 1, does not exist at all.
  The default value "0.1" is used instead.
Elastix initialization of all components (for this resolution) took: 0 ms.
Initialization of AdvancedMeanSquares metric took: 1 ms.
Starting automatic parameter estimation for AdaptiveStochasticGradientDescent ...
WARNING: The parameter "ASGDParameterEstimationMethod", requested at entry number 0, does not exist at all.
  The default value "Original" is used instead.
  Computing JacobianTerms ...
  Computing the Jacobian terms took 0.001115s
  NumberOfGradientMeasurements to estimate sigma_i: 3
  Sampling gradients ...
  Sampling the gradients took 0.020365s
Automatic parameter estimation took 0.02s
1:ItNr	2:Metric	3a:Time	3b:StepSize	4:||Gradient||	Time[ms]
0	1.161869	0.000000	2.173069	0.122960	30.1
1	1.136633	0.000000	2.173069	0.094452	6.9
2	1.117074	0.000000	2.173069	0.069369	6.7
3	1.106305	0.000000	2.173069	0.072703	6.9
4	1.097591	0.000000	2.173069	0.050432	6.4
5	1.092605	0.000000	2.173069	0.046427	7.2
6	1.089255	0.000000	2.173069	0.041507	7.0
7	1.086212	0.000000	2.173069	0.036058	6.6
8	1.085134	0.000000	2.173069	0.040962	8.9
9	1.083279	0.000000	2.173069	0.044024	42.5
10	1.080322	0.000000	2.173069	0.045429	6.5
11	1.076738	0.000000	2.173069	0.045499	6.8
12	1.077104	0.000000	2.173069	0.044379	6.5
13	1.073782	0.000000	2.173069	0.045430	6.7
14	1.069394	0.000000	2.173069	0.053248	6.6
15	1.063287	0.000000	2.173069	0.092297	7.4
16	1.044190	0.000000	2.173069	0.072864	7.0
17	1.031047	0.000000	2.173069	0.089685	6.3
18	1.012623	0.000000	2.173069	0.111621	7.0
19	0.988639	0.000000	2.173069	0.079911	6.4
20	0.977682	0.000000	2.173069	0.067122	6.6
21	0.969875	0.000000	2.173069	0.060423	6.8
22	0.965805	0.000000	2.173069	0.082818	7.2
23	0.952745	0.000000	2.173069	0.068456	6.0
24	0.942549	0.000000	2.173069	0.055281	6.9
25	0.935413	0.000000	2.173069	0.046444	6.4
26	0.930502	0.000000	2.173069	0.061113	6.7
27	0.921923	0.000000	2.173069	0.081704	6.5
28	0.916917	0.000000	2.173069	0.072534	6.1
29	0.905633	0.000000	2.173069	0.081912	9.6
30	0.891233	0.000000	2.173069	0.067425	7.0
31	0.880947	0.000000	2.173069	0.068021	6.7
32	0.870000	0.000000	2.173069	0.076502	6.5
33	0.858116	0.000000	2.173069	0.062711	6.3
34	0.853860	0.000000	2.173069	0.072989	6.7
35	0.844363	0.000000	2.173069	0.093995	6.4
36	0.833359	0.000000	2.173069	0.097532	6.8
37	0.812706	0.000000	2.173069	0.112051	6.8
38	0.791245	0.000000	2.173069	0.064343	6.6
39	0.783072	0.000000	2.173069	0.044012	6.5
40	0.777639	0.000000	2.173069	0.059532	6.3
41	0.769677	0.000000	2.173069	0.058349	6.6
42	0.759952	0.000000	2.173069	0.088152	6.9
43	0.742675	0.000000	2.173069	0.105098	6.7
44	0.719239	0.000000	2.173069	0.119920	7.3
45	0.689576	0.000000	2.173069	0.105848	6.2
46	0.669894	0.000000	2.173069	0.105190	7.4
47	0.648588	0.000000	2.173069	0.198077	6.8
48	0.603469	0.000000	2.173069	0.222074	6.8
49	0.592577	0.000000	2.173069	0.518954	7.6
50	0.790765	1.000000	2.074293	0.415810	6.2
51	0.525715	2.000000	1.984106	0.150189	7.3
52	0.524023	1.990000	1.984969	0.292595	6.8
53	0.583521	2.990000	1.902228	0.324913	7.4
54	0.537863	3.990000	1.826108	0.492392	8.1
55	0.689874	4.990000	1.755846	0.420548	8.2
56	0.517118	5.990000	1.690791	0.401333	8.1
57	0.566242	6.990000	1.630384	0.208682	8.5
58	0.523990	7.990000	1.574144	0.140117	7.8
59	0.504423	7.980000	1.574687	0.131672	8.5
60	0.504888	7.970000	1.575231	0.192722	7.6
61	0.520676	8.970000	1.522671	0.222981	7.0
62	0.519674	9.970000	1.473505	0.227086	7.4
63	0.512050	10.970000	1.427414	0.313886	6.4
64	0.552235	11.970000	1.384120	0.308400	7.4
65	0.518501	12.970000	1.343375	0.449277	7.3
66	0.557985	13.970000	1.304960	0.220183	7.0
67	0.525121	14.970000	1.268681	0.180544	6.9
68	0.511992	15.970000	1.234364	0.168460	7.2
69	0.501006	16.970000	1.201855	0.141487	7.2
70	0.501090	17.970000	1.171015	0.132705	6.7
71	0.498807	18.970000	1.141717	0.174997	6.9
72	0.508347	19.970000	1.113850	0.145706	7.0
73	0.495199	20.970000	1.087311	0.082829	7.2
74	0.494920	21.970000	1.062007	0.073127	7.1
75	0.494402	22.970000	1.037854	0.082844	6.9
76	0.497034	23.970000	1.014775	0.117070	7.4
77	0.501063	24.970000	0.992700	0.266544	6.8
78	0.514074	25.970000	0.971566	0.122764	7.1
79	0.500220	26.970000	0.951312	0.104803	7.2
80	0.495252	26.960000	0.951510	0.066154	6.8
81	0.494654	27.960000	0.932076	0.075659	7.3
82	0.496132	28.960000	0.913420	0.150436	6.4
83	0.502491	29.960000	0.895495	0.129811	7.0
84	0.494329	30.960000	0.878261	0.057671	6.9
85	0.494354	31.960000	0.861677	0.072031	7.5
86	0.495430	32.960000	0.845709	0.131598	7.0
87	0.499802	33.960000	0.830321	0.137364	6.8
88	0.495739	34.960000	0.815483	0.123749	7.2
89	0.498080	35.960000	0.801166	0.125826	6.5
90	0.495730	36.960000	0.787344	0.128651	7.2
91	0.498141	37.960000	0.773990	0.127005	7.1
92	0.495355	38.960000	0.761081	0.118208	9.4
93	0.497133	39.960000	0.748596	0.115659	41.6
94	0.494967	40.960000	0.736515	0.107344	6.9
95	0.496294	41.960000	0.724816	0.105862	7.3
96	0.494725	42.960000	0.713484	0.100980	6.6
97	0.495811	43.960000	0.702501	0.100658	7.6
98	0.494584	44.960000	0.691850	0.097635	7.0
99	0.495493	45.960000	0.681518	0.101923	7.4
100	0.494775	46.960000	0.671490	0.107011	7.0
101	0.495737	47.960000	0.661752	0.100051	7.1
102	0.494231	48.960000	0.652293	0.083787	7.6
103	0.494619	49.960000	0.643101	0.083888	6.9
104	0.494160	50.960000	0.634164	0.084035	7.0
105	0.494560	51.960000	0.625472	0.083399	6.8
106	0.494066	52.960000	0.617015	0.080357	6.6
107	0.494362	53.960000	0.608784	0.077630	7.0
108	0.493889	54.960000	0.600769	0.071265	7.1
109	0.494039	55.960000	0.592963	0.067121	7.0
110	0.493700	56.960000	0.585357	0.059974	6.8
111	0.493748	57.960000	0.577944	0.055936	6.9
112	0.493542	58.960000	0.570716	0.049380	6.3
113	0.493536	59.960000	0.563666	0.044922	7.0
114	0.493416	60.960000	0.556789	0.038799	7.3
115	0.493387	61.960000	0.550078	0.034330	6.8
116	0.493323	62.960000	0.543526	0.028915	7.0
117	0.493293	63.960000	0.537129	0.024381	6.6
118	0.493259	64.960000	0.530880	0.019133	7.1
119	0.493236	65.960000	0.524775	0.014089	6.8
120	0.493220	66.960000	0.518809	0.009669	7.1
121	0.493211	67.960000	0.512977	0.006070	7.3
122	0.493208	68.960000	0.507275	0.003178	6.7
123	0.493206	69.960000	0.501698	0.001212	7.1
124	0.493206	70.960000	0.496242	0.000901	6.7
125	0.493206	70.950000	0.496296	0.000669	6.9
126	0.493206	70.940000	0.496350	0.000450	7.0
127	0.493206	70.930000	0.496404	0.000318	7.0
128	0.493206	70.920000	0.496458	0.000205	6.9
129	0.493206	70.910000	0.496512	0.000149	6.5
130	0.493206	70.900000	0.496566	0.000107	6.6
131	0.493206	70.890000	0.496620	0.000078	7.1
132	0.493206	70.880000	0.496674	0.000058	6.9
133	0.493206	70.870000	0.496728	0.000045	7.0
134	0.493206	70.860000	0.496782	0.000035	6.3
135	0.493206	70.850000	0.496837	0.000028	6.8
136	0.493206	70.840000	0.496891	0.000022	6.7
137	0.493206	70.830000	0.496945	0.000018	6.9
138	0.493206	70.820000	0.496999	0.000014	6.9
139	0.493206	70.810000	0.497053	0.000012	6.3
140	0.493206	70.800000	0.497107	0.000010	7.0
141	0.493206	70.790000	0.497161	0.000008	6.6
142	0.493206	70.780000	0.497216	0.000007	6.9
143	0.493206	70.770000	0.497270	0.000006	7.2
144	0.493206	70.760000	0.497324	0.000006	6.7
145	0.493206	70.750000	0.497378	0.000005	7.0
146	0.493206	70.740000	0.497432	0.000004	6.2
147	0.493206	70.730000	0.497487	0.000003	6.8
148	0.493206	70.720000	0.497541	0.000003	7.1
149	0.493206	70.710000	0.497595	0.000003	7.4
150	0.493206	70.700000	0.497649	0.000002	10.1
151	0.493206	70.690000	0.497704	0.000002	9.2
152	0.493206	70.680000	0.497758	0.000002	9.4
153	0.493206	70.670000	0.497812	0.000001	8.8
154	0.493206	70.660000	0.497866	0.000001	10.1
155	0.493206	70.650000	0.497921	0.000001	9.5
156	0.493206	70.640000	0.497975	0.000001	8.5
157	0.493206	70.630000	0.498029	0.000001	7.0
158	0.493206	70.620000	0.498084	0.000001	9.2
159	0.493206	70.610000	0.498138	0.000001	7.1
160	0.493206	70.600000	0.498193	0.000001	8.0
161	0.493206	70.590000	0.498247	0.000000	6.6
162	0.493206	70.580000	0.498301	0.000000	8.2
163	0.493206	70.570000	0.498356	0.000000	7.5
164	0.493206	70.560000	0.498410	0.000000	7.9
165	0.493206	70.550000	0.498465	0.000000	8.1
166	0.493206	70.540006	0.498519	0.000000	7.3
167	0.493206	70.530042	0.498573	0.000000	7.3
168	0.493206	70.520187	0.498627	0.000000	7.3
169	0.493206	70.510600	0.498679	0.000000	8.5
170	0.493206	70.501508	0.498729	0.000000	8.5
171	0.493206	70.493150	0.498774	0.000000	34.5
172	0.493206	70.485716	0.498815	0.000000	21.2
173	0.493206	70.479303	0.498850	0.000000	6.6
174	0.493206	70.473921	0.498879	0.000000	7.2
175	0.493206	70.469506	0.498903	0.000000	7.2
176	0.493206	70.465950	0.498923	0.000000	7.6
177	0.493206	70.463129	0.498938	0.000000	7.3
178	0.493206	70.460915	0.498950	0.000000	9.9
179	0.493206	70.459193	0.498960	0.000000	8.8
180	0.493206	70.457863	0.498967	0.000000	7.2
181	0.493206	70.456841	0.498972	0.000000	7.0
182	0.493206	70.456059	0.498977	0.000000	7.1
183	0.493206	70.455462	0.498980	0.000000	7.4
184	0.493206	70.455007	0.498982	0.000000	6.9
185	0.493206	70.454661	0.498984	0.000000	6.9
186	0.493206	70.454398	0.498986	0.000000	7.0
187	0.493206	70.454198	0.498987	0.000000	7.3
188	0.493206	70.454047	0.498988	0.000000	7.3
189	0.493206	70.453932	0.498988	0.000000	7.0
190	0.493206	70.453845	0.498989	0.000000	6.7
191	0.493206	70.453779	0.498989	0.000000	6.7
192	0.493206	70.453729	0.498989	0.000000	7.0
193	0.493206	70.453691	0.498990	0.000000	6.5
194	0.493206	70.453662	0.498990	0.000000	7.2
195	0.493206	70.453640	0.498990	0.000000	7.0
196	0.493206	70.453624	0.498990	0.000000	7.3
197	0.493206	70.453611	0.498990	0.000000	6.8
198	0.493206	70.453602	0.498990	0.000000	6.6
199	0.493206	70.453595	0.498990	0.000000	6.8
200	0.493206	70.453589	0.498990	0.000000	6.8
201	0.493206	70.453585	0.498990	0.000000	6.9
202	0.493206	70.453582	0.498990	0.000000	6.8
203	0.493206	70.453579	0.498990	0.000000	6.9
204	0.493206	70.453578	0.498990	0.000000	7.1
205	0.493206	70.453576	0.498990	0.000000	6.8
206	0.493206	70.453575	0.498990	0.000000	7.0
207	0.493206	70.453574	0.498990	0.000000	6.8
208	0.493206	70.453574	0.498990	0.000000	6.6
209	0.493206	70.453573	0.498990	0.000000	6.9
210	0.493206	70.453573	0.498990	0.000000	7.2
211	0.493206	70.453573	0.498990	0.000000	6.8
212	0.493206	70.453572	0.498990	0.000000	7.0
213	0.493206	70.453572	0.498990	0.000000	6.9
214	0.493206	70.453572	0.498990	0.000000	6.1
215	0.493206	70.453572	0.498990	0.000000	6.8
216	0.493206	70.453572	0.498990	0.000000	7.3
217	0.493206	70.453572	0.498990	0.000000	6.9
218	0.493206	70.453572	0.498990	0.000000	7.4
219	0.493206	70.453572	0.498990	0.000000	6.4
220	0.493206	70.453572	0.498990	0.000000	6.7
221	0.493206	70.453572	0.498990	0.000000	7.2
222	0.493206	70.453572	0.498990	0.000000	6.7
223	0.493206	70.453572	0.498990	0.000000	7.1
224	0.493206	70.453572	0.498990	0.000000	7.0
225	0.493206	70.453572	0.498990	0.000000	6.6
226	0.493206	70.453572	0.498990	0.000000	7.0
227	0.493206	70.453572	0.498990	0.000000	6.7
228	0.493206	70.453572	0.498990	0.000000	7.5
229	0.493206	70.453572	0.498990	0.000000	7.0
230	0.493206	70.453572	0.498990	0.000000	7.1
231	0.493206	70.453572	0.498990	0.000000	6.3
232	0.493206	70.453572	0.498990	0.000000	6.8
233	0.493206	70.453572	0.498990	0.000000	7.3
234	0.493206	70.453572	0.498990	0.000000	7.3
235	0.493206	70.453572	0.498990	0.000000	6.9
236	0.493206	70.453572	0.498990	0.000000	7.1
237	0.493206	70.453572	0.498990	0.000000	8.7
238	0.493206	70.453572	0.498990	0.000000	8.9
239	0.493206	70.453572	0.498990	0.000000	9.6
240	0.493206	70.453572	0.498990	0.000000	8.9
241	0.493206	70.453572	0.498990	0.000000	8.7
242	0.493206	70.453572	0.498990	0.000000	8.2
243	0.493206	70.453572	0.498990	0.000000	7.1
244	0.493206	70.453572	0.498990	0.000000	6.8
245	0.493206	70.453572	0.498990	0.000000	6.9
246	0.493206	70.453572	0.498990	0.000000	6.7
247	0.493206	70.453572	0.498990	0.000000	6.7
248	0.493206	70.453572	0.498990	0.000000	6.9
249	0.493206	70.453572	0.498990	0.000000	7.2
250	0.493206	70.453572	0.498990	0.000000	7.1
251	0.493206	70.453572	0.498990	0.000000	6.5
252	0.493206	70.453572	0.498990	0.000000	6.4
253	0.493206	70.453572	0.498990	0.000000	7.3
254	0.493206	70.453572	0.498990	0.000000	7.0
255	0.493206	70.453572	0.498990	0.000000	7.1
256	0.493206	70.453572	0.498990	0.000000	6.6
257	0.493206	70.453572	0.498990	0.000000	7.5
258	0.493206	70.453572	0.498990	0.000000	6.2
259	0.493206	70.453572	0.498990	0.000000	7.5
260	0.493206	70.453572	0.498990	0.000000	14.3
261	0.493206	70.453572	0.498990	0.000000	18.1
262	0.493206	70.453572	0.498990	0.000000	14.9
263	0.493206	70.453572	0.498990	0.000000	6.7
264	0.493206	70.453572	0.498990	0.000000	7.0
265	0.493206	70.453572	0.498990	0.000000	6.7
266	0.493206	70.453572	0.498990	0.000000	6.5
267	0.493206	70.453572	0.498990	0.000000	7.4
268	0.493206	70.453572	0.498990	0.000000	6.8
269	0.493206	70.453572	0.498990	0.000000	7.2
270	0.493206	70.453572	0.498990	0.000000	6.9
271	0.493206	70.453572	0.498990	0.000000	7.0
272	0.493206	70.453572	0.498990	0.000000	6.8
273	0.493206	70.453572	0.498990	0.000000	7.1
274	0.493206	70.453572	0.498990	0.000000	7.2
275	0.493206	70.453572	0.498990	0.000000	7.0
276	0.493206	70.453572	0.498990	0.000000	7.5
277	0.493206	70.453572	0.498990	0.000000	6.9
278	0.493206	70.453572	0.498990	0.000000	6.6
279	0.493206	70.453572	0.498990	0.000000	7.1
280	0.493206	70.453572	0.498990	0.000000	6.7
281	0.493206	70.453572	0.498990	0.000000	7.3
282	0.493206	70.453572	0.498990	0.000000	7.2
283	0.493206	70.453572	0.498990	0.000000	7.2
284	0.493206	70.453572	0.498990	0.000000	6.9
285	0.493206	70.453572	0.498990	0.000000	6.9
286	0.493206	70.453572	0.498990	0.000000	7.0
287	0.493206	70.453572	0.498990	0.000000	7.4
288	0.493206	70.453572	0.498990	0.000000	7.2
289	0.493206	70.453572	0.498990	0.000000	7.0
290	0.493206	70.453572	0.498990	0.000000	7.1
291	0.493206	70.453572	0.498990	0.000000	6.5
292	0.493206	70.453572	0.498990	0.000000	6.7
293	0.493206	70.453572	0.498990	0.000000	7.1
294	0.493206	70.453572	0.498990	0.000000	6.7
295	0.493206	70.453572	0.498990	0.000000	7.4
296	0.493206	70.453572	0.498990	0.000000	7.3
297	0.493206	70.453572	0.498990	0.000000	7.3
298	0.493206	70.453572	0.498990	0.000000	6.5
299	0.493206	70.453572	0.498990	0.000000	6.9
300	0.493206	70.453572	0.498990	0.000000	6.9
301	0.493206	70.453572	0.498990	0.000000	6.6
302	0.493206	70.453572	0.498990	0.000000	7.2
303	0.493206	70.453572	0.498990	0.000000	6.5
304	0.493206	70.453572	0.498990	0.000000	7.0
305	0.493206	70.453572	0.498990	0.000000	7.0
306	0.493206	70.453572	0.498990	0.000000	6.9
307	0.493206	70.453572	0.498990	0.000000	6.9
308	0.493206	70.453572	0.498990	0.000000	6.5
309	0.493206	70.453572	0.498990	0.000000	7.0
310	0.493206	70.453572	0.498990	0.000000	6.5
311	0.493206	70.453572	0.498990	0.000000	7.2
312	0.493206	70.453572	0.498990	0.000000	7.0
313	0.493206	70.453572	0.498990	0.000000	7.3
314	0.493206	70.453572	0.498990	0.000000	7.9
315	0.493206	70.453572	0.498990	0.000000	7.0
316	0.493206	70.453572	0.498990	0.000000	7.6
317	0.493206	70.453572	0.498990	0.000000	7.6
318	0.493206	70.453572	0.498990	0.000000	7.6
319	0.493206	70.453572	0.498990	0.000000	7.9
320	0.493206	70.453572	0.498990	0.000000	8.2
321	0.493206	70.453572	0.498990	0.000000	7.2
322	0.493206	70.453572	0.498990	0.000000	6.9
323	0.493206	70.453572	0.498990	0.000000	7.2
324	0.493206	70.453572	0.498990	0.000000	6.8
325	0.493206	70.453572	0.498990	0.000000	7.1
326	0.493206	70.453572	0.498990	0.000000	6.2
327	0.493206	70.453572	0.498990	0.000000	7.3
328	0.493206	70.453572	0.498990	0.000000	7.2
329	0.493206	70.453572	0.498990	0.000000	6.8
330	0.493206	70.453572	0.498990	0.000000	6.9
331	0.493206	70.453572	0.498990	0.000000	6.6
332	0.493206	70.453572	0.498990	0.000000	7.2
333	0.493206	70.453572	0.498990	0.000000	6.8
334	0.493206	70.453572	0.498990	0.000000	7.2
335	0.493206	70.453572	0.498990	0.000000	6.9
336	0.493206	70.453572	0.498990	0.000000	6.9
337	0.493206	70.453572	0.498990	0.000000	7.3
338	0.493206	70.453572	0.498990	0.000000	6.5
339	0.493206	70.453572	0.498990	0.000000	6.8
340	0.493206	70.453572	0.498990	0.000000	7.0
341	0.493206	70.453572	0.498990	0.000000	8.4
342	0.493206	70.453572	0.498990	0.000000	41.6
343	0.493206	70.453572	0.498990	0.000000	6.6
344	0.493206	70.453572	0.498990	0.000000	6.9
345	0.493206	70.453572	0.498990	0.000000	7.1
346	0.493206	70.453572	0.498990	0.000000	6.7
347	0.493206	70.453572	0.498990	0.000000	7.3
348	0.493206	70.453572	0.498990	0.000000	7.1
349	0.493206	70.453572	0.498990	0.000000	7.5
350	0.493206	70.453572	0.498990	0.000000	7.0
351	0.493206	70.453572	0.498990	0.000000	7.0
352	0.493206	70.453572	0.498990	0.000000	6.9
353	0.493206	70.453572	0.498990	0.000000	6.5
354	0.493206	70.453572	0.498990	0.000000	7.2
355	0.493206	70.453572	0.498990	0.000000	6.8
356	0.493206	70.453572	0.498990	0.000000	7.2
357	0.493206	70.453572	0.498990	0.000000	6.9
358	0.493206	70.453572	0.498990	0.000000	6.7
359	0.493206	70.453572	0.498990	0.000000	7.0
360	0.493206	70.453572	0.498990	0.000000	7.0
361	0.493206	70.453572	0.498990	0.000000	7.7
362	0.493206	70.453572	0.498990	0.000000	7.9
363	0.493206	70.453572	0.498990	0.000000	7.3
364	0.493206	70.453572	0.498990	0.000000	7.9
365	0.493206	70.453572	0.498990	0.000000	8.0
366	0.493206	70.453572	0.498990	0.000000	7.4
367	0.493206	70.453572	0.498990	0.000000	7.8
368	0.493206	70.453572	0.498990	0.000000	6.6
369	0.493206	70.453572	0.498990	0.000000	7.1
370	0.493206	70.453572	0.498990	0.000000	6.9
371	0.493206	70.453572	0.498990	0.000000	7.1
372	0.493206	70.453572	0.498990	0.000000	7.0
373	0.493206	70.453572	0.498990	0.000000	7.0
374	0.493206	70.453572	0.498990	0.000000	7.2
375	0.493206	70.453572	0.498990	0.000000	7.2
376	0.493206	70.453572	0.498990	0.000000	8.4
377	0.493206	70.453572	0.498990	0.000000	7.9
378	0.493206	70.453572	0.498990	0.000000	7.3
379	0.493206	70.453572	0.498990	0.000000	7.1
380	0.493206	70.453572	0.498990	0.000000	6.7
381	0.493206	70.453572	0.498990	0.000000	7.1
382	0.493206	70.453572	0.498990	0.000000	6.3
383	0.493206	70.453572	0.498990	0.000000	7.1
384	0.493206	70.453572	0.498990	0.000000	6.8
385	0.493206	70.453572	0.498990	0.000000	7.5
386	0.493206	70.453572	0.498990	0.000000	6.9
387	0.493206	70.453572	0.498990	0.000000	6.7
388	0.493206	70.453572	0.498990	0.000000	7.5
389	0.493206	70.453572	0.498990	0.000000	6.5
390	0.493206	70.453572	0.498990	0.000000	7.0
391	0.493206	70.453572	0.498990	0.000000	7.1
392	0.493206	70.453572	0.498990	0.000000	6.8
393	0.493206	70.453572	0.498990	0.000000	7.1
394	0.493206	70.453572	0.498990	0.000000	6.6
395	0.493206	70.453572	0.498990	0.000000	6.7
396	0.493206	70.453572	0.498990	0.000000	7.0
397	0.493206	70.453572	0.498990	0.000000	7.3
398	0.493206	70.453572	0.498990	0.000000	6.9
399	0.493206	70.453572	0.498990	0.000000	6.6
400	0.493206	70.453572	0.498990	0.000000	6.6
401	0.493206	70.453572	0.498990	0.000000	7.0
402	0.493206	70.453572	0.498990	0.000000	7.3
403	0.493206	70.453572	0.498990	0.000000	6.9
404	0.493206	70.453572	0.498990	0.000000	7.3
405	0.493206	70.453572	0.498990	0.000000	7.1
406	0.493206	70.453572	0.498990	0.000000	6.7
407	0.493206	70.453572	0.498990	0.000000	7.2
408	0.493206	70.453572	0.498990	0.000000	6.8
409	0.493206	70.453572	0.498990	0.000000	7.2
410	0.493206	70.453572	0.498990	0.000000	7.2
411	0.493206	70.453572	0.498990	0.000000	6.9
412	0.493206	70.453572	0.498990	0.000000	7.1
413	0.493206	70.453572	0.498990	0.000000	6.4
414	0.493206	70.453572	0.498990	0.000000	7.2
415	0.493206	70.453572	0.498990	0.000000	6.8
416	0.493206	70.453572	0.498990	0.000000	7.2
417	0.493206	70.453572	0.498990	0.000000	7.1
418	0.493206	70.453572	0.498990	0.000000	6.7
419	0.493206	70.453572	0.498990	0.000000	7.1
420	0.493206	70.453572	0.498990	0.000000	6.9
421	0.493206	70.453572	0.498990	0.000000	7.2
422	0.493206	70.453572	0.498990	0.000000	7.0
423	0.493206	70.453572	0.498990	0.000000	7.5
424	0.493206	70.453572	0.498990	0.000000	6.8
425	0.493206	70.453572	0.498990	0.000000	6.5
426	0.493206	70.453572	0.498990	0.000000	7.2
427	0.493206	70.453572	0.498990	0.000000	7.1
428	0.493206	70.453572	0.498990	0.000000	13.4
429	0.493206	70.453572	0.498990	0.000000	37.2
430	0.493206	70.453572	0.498990	0.000000	6.9
431	0.493206	70.453572	0.498990	0.000000	7.5
432	0.493206	70.453572	0.498990	0.000000	7.1
433	0.493206	70.453572	0.498990	0.000000	6.7
434	0.493206	70.453572	0.498990	0.000000	7.1
435	0.493206	70.453572	0.498990	0.000000	6.7
436	0.493206	70.453572	0.498990	0.000000	7.3
437	0.493206	70.453572	0.498990	0.000000	7.2
438	0.493206	70.453572	0.498990	0.000000	7.5
439	0.493206	70.453572	0.498990	0.000000	6.8
440	0.493206	70.453572	0.498990	0.000000	7.1
441	0.493206	70.453572	0.498990	0.000000	6.6
442	0.493206	70.453572	0.498990	0.000000	6.8
443	0.493206	70.453572	0.498990	0.000000	7.0
444	0.493206	70.453572	0.498990	0.000000	7.1
445	0.493206	70.453572	0.498990	0.000000	7.5
446	0.493206	70.453572	0.498990	0.000000	6.5
447	0.493206	70.453572	0.498990	0.000000	7.2
448	0.493206	70.453572	0.498990	0.000000	6.9
449	0.493206	70.453572	0.498990	0.000000	6.8
450	0.493206	70.453572	0.498990	0.000000	6.9
451	0.493206	70.453572	0.498990	0.000000	6.6
452	0.493206	70.453572	0.498990	0.000000	7.0
453	0.493206	70.453572	0.498990	0.000000	6.8
454	0.493206	70.453572	0.498990	0.000000	7.0
455	0.493206	70.453572	0.498990	0.000000	7.1
456	0.493206	70.453572	0.498990	0.000000	6.9
457	0.493206	70.453572	0.498990	0.000000	6.9
458	0.493206	70.453572	0.498990	0.000000	7.1
459	0.493206	70.453572	0.498990	0.000000	6.6
460	0.493206	70.453572	0.498990	0.000000	6.8
461	0.493206	70.453572	0.498990	0.000000	6.7
462	0.493206	70.453572	0.498990	0.000000	7.2
463	0.493206	70.453572	0.498990	0.000000	6.6
464	0.493206	70.453572	0.498990	0.000000	6.9
465	0.493206	70.453572	0.498990	0.000000	6.0
466	0.493206	70.453572	0.498990	0.000000	7.1
467	0.493206	70.453572	0.498990	0.000000	7.1
468	0.493206	70.453572	0.498990	0.000000	7.2
469	0.493206	70.453572	0.498990	0.000000	7.4
470	0.493206	70.453572	0.498990	0.000000	6.4
471	0.493206	70.453572	0.498990	0.000000	6.8
472	0.493206	70.453572	0.498990	0.000000	7.7
473	0.493206	70.453572	0.498990	0.000000	11.2
474	0.493206	70.453572	0.498990	0.000000	6.7
475	0.493206	70.453572	0.498990	0.000000	6.9
476	0.493206	70.453572	0.498990	0.000000	7.2
477	0.493206	70.453572	0.498990	0.000000	7.1
478	0.493206	70.453572	0.498990	0.000000	7.7
479	0.493206	70.453572	0.498990	0.000000	7.1
480	0.493206	70.453572	0.498990	0.000000	6.7
481	0.493206	70.453572	0.498990	0.000000	7.0
482	0.493206	70.453572	0.498990	0.000000	7.0
483	0.493206	70.453572	0.498990	0.000000	7.2
484	0.493206	70.453572	0.498990	0.000000	6.9
485	0.493206	70.453572	0.498990	0.000000	7.3
486	0.493206	70.453572	0.498990	0.000000	6.8
487	0.493206	70.453572	0.498990	0.000000	6.8
488	0.493206	70.453572	0.498990	0.000000	6.9
489	0.493206	70.453572	0.498990	0.000000	7.2
490	0.493206	70.453572	0.498990	0.000000	7.2
491	0.493206	70.453572	0.498990	0.000000	6.8
492	0.493206	70.453572	0.498990	0.000000	6.7
493	0.493206	70.453572	0.498990	0.000000	6.7
494	0.493206	70.453572	0.498990	0.000000	6.9
495	0.493206	70.453572	0.498990	0.000000	7.3
496	0.493206	70.453572	0.498990	0.000000	7.1
497	0.493206	70.453572	0.498990	0.000000	7.3
498	0.493206	70.453572	0.498990	0.000000	6.8
499	0.493206	70.453572	0.498990	0.000000	6.9
500	0.493206	70.453572	0.498990	0.000000	6.4
501	0.493206	70.453572	0.498990	0.000000	6.9
502	0.493206	70.453572	0.498990	0.000000	7.2
503	0.493206	70.453572	0.498990	0.000000	6.9
504	0.493206	70.453572	0.498990	0.000000	7.3
505	0.493206	70.453572	0.498990	0.000000	6.7
506	0.493206	70.453572	0.498990	0.000000	6.7
507	0.493206	70.453572	0.498990	0.000000	6.6
508	0.493206	70.453572	0.498990	0.000000	7.2
509	0.493206	70.453572	0.498990	0.000000	6.8
510	0.493206	70.453572	0.498990	0.000000	6.8
511	0.493206	70.453572	0.498990	0.000000	7.1
Time spent in resolution 1 (ITK initialization and iterating): 3.88
Stopping condition: Maximum number of iterations has been reached.
Settings of AdaptiveStochasticGradientDescent in resolution 1:
( SP_a 45.634439 )
( SP_A 20.000000 )
( SP_alpha 1.000000 )
( SigmoidMax 1.000000 )
( SigmoidMin -0.010000 )
( SigmoidScale 0.000000 )


Resolution: 2
WARNING: The parameter "NewSamplesEveryIteration", requested at entry number 2, does not exist at all.
  The default value "false" is used instead.
WARNING: The parameter "ShowExactMetricValue", requested at entry number 2, does not exist at all.
  The default value "false" is used instead.
WARNING: The parameter "CheckNumberOfSamples", requested at entry number 2, does not exist at all.
  The default value "true" is used instead.
WARNING: The parameter "UseMultiThreadingForMetrics", requested at entry number 2, does not exist at all.
  The default value "true" is used instead.
WARNING: The parameter "NewSamplesEveryIteration", requested at entry number 2, does not exist at all.
  The default value "false" is used instead.
Setting the fixed masks took: 0 ms.
Setting the moving masks took: 0 ms.
WARNING: The parameter "UseNormalization", requested at entry number 2, does not exist at all.
  The default value "false" is used instead.
WARNING: The parameter "SP_A", requested at entry number 2, does not exist at all.
  The default value "20" is used instead.
WARNING: The parameter "MaximumNumberOfSamplingAttempts", requested at entry number 2, does not exist at all.
  The default value "0" is used instead.
WARNING: The parameter "SigmoidInitialTime", requested at entry number 2, does not exist at all.
  The default value "0" is used instead.
WARNING: The parameter "MaxBandCovSize", requested at entry number 2, does not exist at all.
  The default value "192" is used instead.
WARNING: The parameter "NumberOfBandStructureSamples", requested at entry number 2, does not exist at all.
  The default value "10" is used instead.
WARNING: The parameter "UseAdaptiveStepSizes", requested at entry number 2, does not exist at all.
  The default value "true" is used instead.
WARNING: The parameter "UseConstantStep", requested at entry number 2, does not exist at all.
  The default value "false" is used instead.
WARNING: The parameter "MaximumStepLengthRatio", requested at entry number 2, does not exist at all.
  The default value "1" is used instead.
WARNING: The parameter "MaximumStepLength", requested at entry number 2, does not exist at all.
  The default value "1" is used instead.
WARNING: The parameter "NumberOfGradientMeasurements", requested at entry number 2, does not exist at all.
  The default value "0" is used instead.
WARNING: The parameter "NumberOfJacobianMeasurements", requested at entry number 2, does not exist at all.
  The default value "1000" is used instead.
WARNING: The parameter "NumberOfSamplesForExactGradient", requested at entry number 2, does not exist at all.
  The default value "100000" is used instead.
WARNING: The parameter "SigmoidScaleFactor", requested at entry number 2, does not exist at all.
  The default value "0.1" is used instead.
Elastix initialization of all components (for this resolution) took: 1 ms.
Initialization of AdvancedMeanSquares metric took: 6 ms.
Starting automatic parameter estimation for AdaptiveStochasticGradientDescent ...
WARNING: The parameter "ASGDParameterEstimationMethod", requested at entry number 0, does not exist at all.
  The default value "Original" is used instead.
  Computing JacobianTerms ...
  Computing the Jacobian terms took 0.001020s
  NumberOfGradientMeasurements to estimate sigma_i: 3
  Sampling gradients ...
  Sampling the gradients took 0.184171s
Automatic parameter estimation took 0.19s
1:ItNr	2:Metric	3a:Time	3b:StepSize	4:||Gradient||	Time[ms]
0	2.769464	0.000000	0.149779	1.978561	240.2
1	2.235732	0.000000	0.149779	1.879792	49.0
2	1.709489	0.000000	0.149779	1.807993	49.7
3	1.320379	0.000000	0.149779	1.215834	48.6
4	1.242128	0.000000	0.149779	1.111446	48.7
5	1.249682	1.000000	0.142970	1.359095	48.6
6	1.265403	2.000000	0.136754	1.559717	53.2
7	1.273058	3.000000	0.131056	1.722875	49.3
8	1.283877	4.000000	0.125814	1.633114	47.7
9	1.238779	5.000000	0.120975	1.428169	48.4
10	1.234806	6.000000	0.116494	1.271396	49.8
11	1.206911	7.000000	0.112334	1.016874	50.8
12	1.198640	8.000000	0.108460	0.848912	52.1
13	1.187789	9.000000	0.104845	0.695574	48.5
14	1.185082	10.000000	0.101463	0.567186	51.1
15	1.179002	11.000000	0.098292	0.400552	47.8
16	1.177080	12.000000	0.095314	0.303649	50.3
17	1.175725	13.000000	0.092510	0.217587	50.2
18	1.175019	14.000000	0.089867	0.152370	53.8
19	1.174675	15.000000	0.087371	0.093070	58.8
20	1.174466	16.000000	0.085009	0.052851	54.3
21	1.174408	17.000000	0.082772	0.026489	52.7
22	1.174377	18.000000	0.080650	0.015983	51.1
23	1.174368	19.000000	0.078634	0.008081	50.5
24	1.174367	20.000000	0.076716	0.006832	50.3
25	1.174362	19.990000	0.076735	0.012775	49.9
26	1.174365	20.990000	0.074907	0.007752	48.5
27	1.174360	21.990000	0.073165	0.007016	49.3
28	1.174360	21.980000	0.073182	0.012654	49.6
29	1.174361	22.980000	0.071518	0.009331	48.3
30	1.174358	23.980000	0.069928	0.005470	49.5
31	1.174359	23.970000	0.069943	0.020378	50.4
32	1.174365	24.970000	0.068422	0.012107	53.3
33	1.174361	25.970000	0.066965	0.006505	59.1
34	1.174358	25.960000	0.066979	0.005003	59.2
35	1.174358	25.950000	0.066994	0.014518	49.4
36	1.174361	26.950000	0.065596	0.006618	49.5
37	1.174358	27.950000	0.064256	0.005472	48.6
38	1.174357	27.940000	0.064269	0.003894	50.2
39	1.174357	28.940000	0.062983	0.003752	48.4
40	1.174357	29.940000	0.061746	0.004274	51.6
41	1.174357	30.940000	0.060557	0.005773	47.3
42	1.174358	31.940000	0.059413	0.004579	64.4
43	1.174357	32.940000	0.058312	0.001889	86.8
44	1.174357	32.930000	0.058323	0.003071	57.1
45	1.174357	33.930000	0.057261	0.004043	52.0
46	1.174357	34.930000	0.056237	0.003441	48.0
47	1.174357	35.930000	0.055249	0.001643	49.2
48	1.174357	36.930000	0.054296	0.004340	49.1
49	1.174358	37.930000	0.053374	0.013339	47.5
50	1.174360	38.930000	0.052484	0.008337	49.9
51	1.174358	39.930000	0.051622	0.003216	48.1
52	1.174357	39.920000	0.051631	0.003762	49.0
53	1.174357	39.910000	0.051639	0.006474	50.8
54	1.174358	40.910000	0.050805	0.004612	50.1
55	1.174357	41.910000	0.049998	0.001114	48.7
56	1.174357	41.900000	0.050006	0.003306	49.6
57	1.174357	42.900000	0.049223	0.004930	49.9
58	1.174358	43.900000	0.048465	0.012972	47.8
59	1.174359	44.900000	0.047729	0.007634	48.2
60	1.174357	45.900000	0.047016	0.003503	48.4
61	1.174357	45.890000	0.047023	0.002545	47.6
62	1.174357	45.880000	0.047030	0.004960	49.4
63	1.174357	46.880000	0.046337	0.004713	49.6
64	1.174357	47.880000	0.045664	0.004051	51.8
65	1.174357	48.880000	0.045011	0.004588	56.9
66	1.174357	49.880000	0.044376	0.004000	49.5
67	1.174357	50.880000	0.043758	0.002728	50.7
68	1.174357	51.880000	0.043158	0.003153	50.5
69	1.174357	52.880000	0.042574	0.004951	47.5
70	1.174357	53.880000	0.042005	0.011184	52.8
71	1.174358	54.880000	0.041452	0.006861	48.7
72	1.174357	55.880000	0.040912	0.004309	50.5
73	1.174357	55.870000	0.040918	0.003942	49.7
74	1.174357	55.860000	0.040923	0.003830	49.8
75	1.174357	56.860000	0.040397	0.003113	50.9
76	1.174357	57.860000	0.039885	0.004202	48.5
77	1.174357	58.860000	0.039386	0.002733	50.8
78	1.174357	59.860000	0.038899	0.003107	49.9
79	1.174357	60.860000	0.038424	0.004704	86.1
80	1.174357	61.860000	0.037960	0.009465	50.5
81	1.174358	62.860000	0.037507	0.004346	50.1
82	1.174357	63.860000	0.037065	0.003319	53.6
83	1.174357	63.850000	0.037070	0.001272	51.1
84	1.174357	64.850000	0.036638	0.002546	50.7
85	1.174357	65.850000	0.036216	0.001969	49.8
86	1.174357	66.850000	0.035804	0.002914	47.9
87	1.174357	67.850000	0.035401	0.004673	49.3
88	1.174357	68.850000	0.035007	0.007569	51.7
89	1.174357	69.850000	0.034621	0.003817	49.5
90	1.174357	70.850000	0.034244	0.001468	50.7
91	1.174357	70.840000	0.034248	0.002059	50.7
92	1.174357	70.830000	0.034252	0.004496	49.4
93	1.174357	71.830000	0.033883	0.002560	47.7
94	1.174357	72.830000	0.033522	0.002344	49.6
95	1.174357	72.820000	0.033525	0.003969	49.8
96	1.174357	73.820000	0.033172	0.002483	49.0
97	1.174357	74.820000	0.032826	0.000976	49.5
98	1.174357	75.820000	0.032487	0.002076	50.1
99	1.174357	76.820000	0.032154	0.001679	48.9
100	1.174357	77.820000	0.031829	0.002544	50.8
101	1.174357	78.820000	0.031510	0.003980	48.6
102	1.174357	79.820000	0.031198	0.002448	49.0
103	1.174357	80.820000	0.030891	0.001001	50.1
104	1.174357	81.820000	0.030591	0.002079	49.7
105	1.174357	82.820000	0.030296	0.001667	49.4
106	1.174357	83.820000	0.030007	0.002047	49.1
107	1.174357	84.820000	0.029724	0.004193	51.2
108	1.174357	85.820000	0.029445	0.002874	51.2
109	1.174357	86.820000	0.029172	0.002052	48.3
110	1.174357	86.810000	0.029175	0.001629	47.3
111	1.174357	87.810000	0.028907	0.001444	47.3
112	1.174357	87.800000	0.028909	0.002996	84.9
113	1.174357	88.800000	0.028646	0.002940	48.0
114	1.174357	89.800000	0.028388	0.002554	46.9
115	1.174357	90.800000	0.028134	0.002663	50.0
116	1.174357	91.800000	0.027884	0.004490	52.9
117	1.174357	92.800000	0.027639	0.002359	50.6
118	1.174357	93.800000	0.027399	0.002484	50.3
119	1.174357	93.790000	0.027401	0.002636	48.9
120	1.174357	94.790000	0.027164	0.002816	52.1
121	1.174357	95.790000	0.026932	0.004183	48.8
122	1.174357	96.790000	0.026703	0.004244	52.5
123	1.174357	97.790000	0.026478	0.004007	50.1
124	1.174357	98.790000	0.026257	0.004222	50.1
125	1.174357	99.790000	0.026040	0.004261	48.9
126	1.174357	100.790000	0.025826	0.002402	49.2
127	1.174357	101.790000	0.025616	0.001798	49.3
128	1.174357	101.780000	0.025618	0.001594	49.9
129	1.174357	102.780000	0.025411	0.000893	48.6
130	1.174357	102.770000	0.025413	0.001804	53.4
131	1.174357	103.770000	0.025209	0.001316	49.3
132	1.174357	104.770000	0.025009	0.001673	49.8
133	1.174357	105.770000	0.024811	0.002207	47.7
134	1.174357	106.770000	0.024617	0.002066	48.3
135	1.174357	107.770000	0.024426	0.004162	47.5
136	1.174357	108.770000	0.024238	0.003874	49.1
137	1.174357	109.770000	0.024053	0.002421	49.6
138	1.174357	110.770000	0.023870	0.003116	47.9
139	1.174357	111.770000	0.023690	0.004208	49.0
140	1.174357	112.770000	0.023513	0.003725	48.9
141	1.174357	113.770000	0.023339	0.002428	48.8
142	1.174357	114.770000	0.023167	0.002766	86.9
143	1.174357	115.770000	0.022997	0.001653	56.9
144	1.174357	116.770000	0.022830	0.001075	50.0
145	1.174357	116.760000	0.022832	0.001723	50.8
146	1.174357	117.760000	0.022668	0.001568	54.8
147	1.174357	118.760000	0.022505	0.000861	48.9
148	1.174357	118.750000	0.022507	0.001829	50.2
149	1.174357	119.750000	0.022347	0.001279	52.1
150	1.174357	120.750000	0.022189	0.001676	49.6
151	1.174357	121.750000	0.022034	0.002188	49.4
152	1.174357	122.750000	0.021881	0.002045	50.8
153	1.174357	123.750000	0.021730	0.004150	50.1
154	1.174357	124.750000	0.021580	0.003725	48.7
155	1.174357	125.750000	0.021433	0.002387	50.6
156	1.174357	126.750000	0.021288	0.002344	50.8
157	1.174357	127.750000	0.021145	0.001766	51.3
158	1.174357	128.750000	0.021004	0.002385	49.0
159	1.174357	129.750000	0.020865	0.002328	49.9
160	1.174357	130.750000	0.020727	0.001753	50.1
161	1.174357	131.750000	0.020591	0.002860	50.5
162	1.174357	132.750000	0.020458	0.002190	51.6
163	1.174357	133.750000	0.020325	0.001757	55.9
164	1.174357	134.750000	0.020195	0.001696	50.2
165	1.174357	135.750000	0.020066	0.001557	49.2
166	1.174357	136.750000	0.019939	0.001670	49.2
167	1.174357	137.750000	0.019813	0.001546	49.0
168	1.174357	138.750000	0.019689	0.000848	50.5
169	1.174357	138.740000	0.019690	0.001740	49.1
170	1.174357	139.740000	0.019568	0.001986	48.3
171	1.174357	140.740000	0.019447	0.001721	50.6
172	1.174357	141.740000	0.019327	0.001342	49.7
173	1.174357	142.740000	0.019209	0.000883	46.8
174	1.174357	142.730000	0.019211	0.001737	49.1
175	1.174357	143.730000	0.019094	0.001309	49.3
176	1.174357	144.730000	0.018979	0.001690	49.2
177	1.174357	145.730000	0.018865	0.001353	83.7
178	1.174357	146.730000	0.018752	0.000878	50.4
179	1.174357	146.720000	0.018754	0.001723	51.4
180	1.174357	147.720000	0.018642	0.001984	53.5
181	1.174357	148.720000	0.018533	0.001726	50.8
182	1.174357	149.720000	0.018424	0.001363	49.0
183	1.174357	150.720000	0.018317	0.000879	50.7
184	1.174357	150.710000	0.018318	0.001741	48.5
185	1.174357	151.710000	0.018212	0.001306	50.6
186	1.174357	152.710000	0.018107	0.001694	50.0
187	1.174357	153.710000	0.018003	0.001341	49.3
188	1.174357	154.710000	0.017901	0.001654	49.4
189	1.174357	155.710000	0.017799	0.001546	48.9
190	1.174357	156.710000	0.017699	0.001847	48.7
191	1.174357	156.700000	0.017700	0.001737	48.0
192	1.174357	157.700000	0.017601	0.001515	50.2
193	1.174357	158.700000	0.017503	0.001699	48.4
194	1.174357	159.700000	0.017406	0.001517	48.2
195	1.174357	160.700000	0.017311	0.001368	47.8
196	1.174357	160.690000	0.017312	0.002020	49.1
197	1.174357	161.690000	0.017217	0.001476	49.0
198	1.174357	162.690000	0.017123	0.001680	49.1
199	1.174357	163.690000	0.017030	0.001493	49.3
200	1.174357	164.690000	0.016939	0.002246	48.9
201	1.174357	165.690000	0.016848	0.001334	48.4
202	1.174357	166.690000	0.016758	0.000705	48.3
203	1.174357	166.680000	0.016759	0.002006	50.1
204	1.174357	167.680000	0.016670	0.001511	49.0
205	1.174357	168.680000	0.016582	0.000873	50.9
206	1.174357	168.670000	0.016583	0.001751	47.6
207	1.174357	169.670000	0.016496	0.001263	49.6
208	1.174357	170.670000	0.016410	0.001678	50.3
209	1.174357	171.670000	0.016325	0.001498	50.2
210	1.174357	172.670000	0.016241	0.002253	50.1
211	1.174357	173.670000	0.016157	0.001357	83.9
212	1.174357	174.670000	0.016075	0.000899	49.3
213	1.174357	174.660000	0.016076	0.001713	48.3
214	1.174357	175.660000	0.015994	0.001295	49.7
215	1.174357	176.660000	0.015913	0.001689	49.5
216	1.174357	177.660000	0.015833	0.001336	54.5
217	1.174357	178.660000	0.015754	0.000874	51.0
218	1.174357	178.650000	0.015754	0.001717	50.9
219	1.174357	179.650000	0.015676	0.001289	49.9
220	1.174357	180.650000	0.015598	0.001682	49.0
221	1.174357	181.650000	0.015521	0.002004	50.8
222	1.174357	182.650000	0.015445	0.000911	51.5
223	1.174357	182.640000	0.015446	0.001735	49.4
224	1.174357	183.640000	0.015370	0.001294	50.8
225	1.174357	184.640000	0.015295	0.001684	50.3
226	1.174357	185.640000	0.015221	0.001325	52.0
227	1.174357	186.640000	0.015148	0.000884	50.9
228	1.174357	186.630000	0.015149	0.001720	50.9
229	1.174357	187.630000	0.015076	0.001279	49.6
230	1.174357	188.630000	0.015004	0.001677	50.0
231	1.174357	189.630000	0.014933	0.001316	48.2
232	1.174357	190.630000	0.014862	0.002232	49.3
233	1.174357	191.630000	0.014793	0.001364	51.3
234	1.174357	192.630000	0.014723	0.000693	47.9
235	1.174357	192.620000	0.014724	0.001998	50.8
236	1.174357	193.620000	0.014655	0.001500	51.3
237	1.174357	194.620000	0.014587	0.001676	48.4
238	1.174357	195.620000	0.014520	0.001506	48.7
239	1.174357	196.620000	0.014453	0.000855	49.7
240	1.174357	196.610000	0.014454	0.001708	53.0
241	1.174357	197.610000	0.014388	0.001263	57.3
242	1.174357	198.610000	0.014322	0.001677	57.5
243	1.174357	199.610000	0.014258	0.002028	54.2
244	1.174357	200.610000	0.014193	0.000906	48.9
245	1.174357	200.600000	0.014194	0.001729	82.4
246	1.174357	201.600000	0.014130	0.001284	50.1
247	1.174357	202.600000	0.014067	0.001682	50.2
248	1.174357	203.600000	0.014004	0.001318	49.2
249	1.174357	204.600000	0.013942	0.000874	50.2
250	1.174357	204.590000	0.013943	0.001718	47.8
251	1.174357	205.590000	0.013881	0.001275	49.9
252	1.174357	206.590000	0.013820	0.001674	50.7
253	1.174357	207.590000	0.013760	0.001309	51.9
254	1.174357	208.590000	0.013700	0.001734	49.1
255	1.174357	208.580000	0.013700	0.001730	48.7
256	1.174357	209.580000	0.013641	0.001280	50.6
257	1.174357	210.580000	0.013582	0.001687	48.3
258	1.174357	211.580000	0.013524	0.001311	50.2
259	1.174357	212.580000	0.013466	0.000874	49.7
260	1.174357	212.570000	0.013466	0.001720	50.4
261	1.174357	213.570000	0.013409	0.001267	50.1
262	1.174357	214.570000	0.013352	0.001677	54.3
263	1.174357	215.570000	0.013296	0.001303	49.8
264	1.174357	216.570000	0.013240	0.001646	49.6
265	1.174357	217.570000	0.013184	0.002007	47.9
266	1.174357	218.570000	0.013129	0.000700	49.9
267	1.174357	218.560000	0.013130	0.001997	54.0
268	1.174357	219.560000	0.013075	0.001522	55.5
269	1.174357	220.560000	0.013021	0.001667	49.9
270	1.174357	221.560000	0.012967	0.001311	51.3
271	1.174357	222.560000	0.012914	0.000890	49.4
272	1.174357	222.550000	0.012915	0.001701	50.8
273	1.174357	223.550000	0.012862	0.001268	48.9
274	1.174357	224.550000	0.012809	0.001664	51.4
275	1.174357	225.550000	0.012757	0.001309	48.8
276	1.174357	226.550000	0.012706	0.000875	50.6
277	1.174357	226.540000	0.012706	0.002291	51.5
278	1.174357	227.540000	0.012655	0.001286	51.5
279	1.174357	228.540000	0.012605	0.001681	51.5
280	1.174357	229.540000	0.012554	0.001313	48.5
281	1.174357	230.540000	0.012504	0.000884	85.4
282	1.174357	230.530000	0.012505	0.001701	50.4
283	1.174357	231.530000	0.012455	0.001267	50.4
284	1.174357	232.530000	0.012406	0.001669	49.4
285	1.174357	233.530000	0.012357	0.001310	51.5
286	1.174357	234.530000	0.012309	0.000875	48.6
287	1.174357	234.520000	0.012310	0.001696	50.3
288	1.174357	235.520000	0.012262	0.000698	55.7
289	1.174357	236.520000	0.012214	0.001815	49.3
290	1.174357	236.510000	0.012214	0.001680	48.5
291	1.174357	237.510000	0.012167	0.001518	51.5
292	1.174357	238.510000	0.012120	0.001673	51.3
293	1.174357	239.510000	0.012074	0.001309	50.1
294	1.174357	240.510000	0.012028	0.000882	48.7
295	1.174357	240.500000	0.012028	0.001693	50.5
296	1.174357	241.500000	0.011982	0.001275	49.8
297	1.174357	242.500000	0.011937	0.001664	49.6
298	1.174357	243.500000	0.011892	0.001302	49.9
299	1.174357	244.500000	0.011847	0.000878	51.5
300	1.174357	244.490000	0.011847	0.001688	50.9
301	1.174357	245.490000	0.011803	0.001964	49.1
302	1.174357	246.490000	0.011759	0.001681	50.5
303	1.174357	247.490000	0.011715	0.001309	50.1
304	1.174357	248.490000	0.011671	0.000887	50.5
305	1.174357	248.480000	0.011672	0.001697	47.8
306	1.174357	249.480000	0.011629	0.000705	51.1
307	1.174357	250.480000	0.011586	0.001028	49.9
308	1.174357	250.470000	0.011586	0.001660	47.4
309	1.174357	251.470000	0.011544	0.001287	52.8
310	1.174357	252.470000	0.011502	0.000871	50.8
311	1.174357	252.460000	0.011502	0.001696	49.6
312	1.174357	253.460000	0.011460	0.000702	50.0
313	1.174357	254.460000	0.011419	0.001645	48.0
314	1.174357	254.450000	0.011419	0.001671	50.4
315	1.174357	255.450000	0.011378	0.001311	48.5
316	1.174357	256.450000	0.011337	0.000667	49.5
317	1.174357	256.440000	0.011337	0.001994	85.4
318	1.174357	257.440000	0.011296	0.001030	50.8
319	1.174357	258.440000	0.011256	0.000686	48.4
320	1.174357	258.430000	0.011256	0.001980	53.7
321	1.174357	259.430000	0.011216	0.001503	51.9
322	1.174357	260.430000	0.011176	0.001652	51.3
323	1.174357	261.430000	0.011137	0.001290	48.6
324	1.174357	262.430000	0.011097	0.000875	48.4
325	1.174357	262.420000	0.011098	0.002255	51.4
326	1.174357	263.420000	0.011059	0.000738	50.4
327	1.174357	264.420000	0.011020	0.000695	50.2
328	1.174357	264.410000	0.011020	0.001656	51.9
329	1.174357	265.410000	0.010982	0.001310	52.3
330	1.174357	266.410000	0.010944	0.000665	51.8
331	1.174357	266.400000	0.010944	0.001992	51.4
332	1.174357	267.400000	0.010906	0.001499	50.3
333	1.174357	268.400000	0.010869	0.001665	52.2
334	1.174357	269.400000	0.010831	0.001288	54.3
335	1.174357	270.400000	0.010794	0.000876	58.5
336	1.174357	270.390000	0.010794	0.001681	48.1
337	1.174357	271.390000	0.010757	0.001659	50.0
338	1.174357	272.390000	0.010721	0.000695	50.3
339	1.174357	272.380000	0.010721	0.001983	51.4
340	1.174357	273.380000	0.010685	0.001510	48.5
341	1.174357	274.380000	0.010648	0.000864	51.1
342	1.174357	274.370000	0.010649	0.001696	51.2
343	1.174357	275.370000	0.010613	0.000715	49.8
344	1.174357	276.370000	0.010577	0.000884	48.7
345	1.174357	276.360000	0.010578	0.001689	50.5
346	1.174357	277.360000	0.010542	0.001259	51.7
347	1.174357	278.360000	0.010507	0.001658	50.8
348	1.174357	279.360000	0.010472	0.001293	51.6
349	1.174357	280.360000	0.010437	0.001637	48.7
350	1.174357	280.350000	0.010438	0.001991	51.2
351	1.174357	281.350000	0.010403	0.001037	50.8
352	1.174357	282.350000	0.010369	0.000686	49.5
353	1.174357	282.340000	0.010369	0.001658	48.8
354	1.174357	283.340000	0.010335	0.001299	81.8
355	1.174357	284.340000	0.010301	0.000679	49.9
356	1.174357	284.330000	0.010301	0.001983	50.4
357	1.174357	285.330000	0.010268	0.001023	49.4
358	1.174357	286.330000	0.010234	0.000673	55.1
359	1.174357	286.320000	0.010235	0.001649	51.1
360	1.174357	287.320000	0.010202	0.001297	49.1
361	1.174357	288.320000	0.010169	0.000675	51.5
362	1.174357	288.310000	0.010169	0.002483	48.7
363	1.174357	289.310000	0.010136	0.000750	51.5
364	1.174357	290.310000	0.010104	0.000707	49.4
365	1.174357	290.300000	0.010104	0.000891	47.9
366	1.174357	290.290000	0.010104	0.001697	51.7
367	1.174357	291.290000	0.010072	0.000700	54.9
368	1.174357	292.290000	0.010040	0.000664	52.3
369	1.174357	292.280000	0.010040	0.002110	50.0
370	1.174357	293.280000	0.010008	0.001308	49.6
371	1.174357	294.280000	0.009976	0.000911	49.1
372	1.174357	294.270000	0.009977	0.001675	51.1
373	1.174357	295.270000	0.009945	0.000706	49.4
374	1.174357	296.270000	0.009914	0.001641	50.5
375	1.174357	296.260000	0.009914	0.002106	49.2
376	1.174357	297.260000	0.009883	0.001546	50.4
377	1.174357	298.260000	0.009852	0.000897	48.0
378	1.174357	298.250000	0.009852	0.001686	50.8
379	1.174357	299.250000	0.009822	0.000709	49.4
380	1.174357	300.250000	0.009791	0.000674	57.1
381	1.174357	300.240000	0.009791	0.002102	60.2
382	1.174357	301.240000	0.009761	0.001542	51.1
383	1.174357	302.240000	0.009731	0.000668	49.8
384	1.174357	302.230000	0.009731	0.001654	49.3
385	1.174357	303.230000	0.009701	0.001288	51.6
386	1.174357	304.230000	0.009671	0.000652	48.0
387	1.174357	304.220000	0.009671	0.002487	48.9
388	1.174357	305.220000	0.009642	0.000737	51.8
389	1.174357	306.220000	0.009612	0.000698	50.2
390	1.174357	306.210000	0.009613	0.000886	49.2
391	1.174357	306.200000	0.009613	0.001697	82.7
392	1.174357	307.200000	0.009584	0.000694	49.4
393	1.174357	308.200000	0.009555	0.001005	48.9
394	1.174357	308.190000	0.009555	0.001675	50.5
395	1.174357	309.190000	0.009526	0.000720	49.5
396	1.174357	310.190000	0.009497	0.000682	50.2
397	1.174357	310.180000	0.009497	0.000882	50.4
398	1.174357	310.170000	0.009498	0.001685	48.9
399	1.174357	311.170000	0.009469	0.000686	50.2
400	1.174357	312.170000	0.009441	0.001811	51.1
401	1.174357	312.160000	0.009441	0.001675	49.6
402	1.174357	313.160000	0.009413	0.000732	49.9
403	1.174357	314.160000	0.009385	0.000693	50.0
404	1.174357	314.150000	0.009385	0.000890	50.7
405	1.174357	314.140000	0.009385	0.001688	50.9
406	1.174357	315.140000	0.009357	0.000691	48.5
407	1.174357	316.140000	0.009330	0.001023	48.1
408	1.174357	316.130000	0.009330	0.001664	52.4
409	1.174357	317.130000	0.009302	0.000716	50.1
410	1.174357	318.130000	0.009275	0.000681	50.7
411	1.174357	318.120000	0.009275	0.000650	48.7
412	1.174357	318.110000	0.009275	0.001981	50.5
413	1.174357	319.110000	0.009248	0.001662	49.1
414	1.174357	320.110000	0.009221	0.000920	49.7
415	1.174357	320.100000	0.009221	0.001675	48.6
416	1.174357	321.100000	0.009194	0.000720	49.7
417	1.174357	322.100000	0.009167	0.000684	49.0
418	1.174357	322.090000	0.009168	0.000655	48.4
419	1.174357	322.080000	0.009168	0.001988	50.6
420	1.174357	323.080000	0.009141	0.000725	49.5
421	1.174357	324.080000	0.009115	0.000677	56.9
422	1.174357	324.070000	0.009115	0.001644	51.7
423	1.174357	325.070000	0.009089	0.001290	49.3
424	1.174357	326.070000	0.009063	0.000659	50.8
425	1.174357	326.060000	0.009063	0.001973	83.4
426	1.174357	327.060000	0.009037	0.001664	48.4
427	1.174357	328.060000	0.009011	0.000704	49.8
428	1.174357	328.050000	0.009011	0.000892	50.7
429	1.174357	328.040000	0.009011	0.001692	50.1
430	1.174357	329.040000	0.008986	0.000696	48.2
431	1.174357	330.040000	0.008960	0.000664	48.8
432	1.174357	330.030000	0.008960	0.001978	48.6
433	1.174357	331.030000	0.008935	0.000735	49.5
434	1.174357	332.030000	0.008910	0.000686	50.9
435	1.174357	332.020000	0.008910	0.000883	53.1
436	1.174357	332.010000	0.008910	0.001683	57.8
437	1.174357	333.010000	0.008885	0.000685	48.0
438	1.174357	334.010000	0.008860	0.000655	47.5
439	1.174357	334.000000	0.008860	0.002482	50.6
440	1.174357	335.000000	0.008835	0.000734	46.7
441	1.174357	336.000000	0.008811	0.000696	50.9
442	1.174357	335.990000	0.008811	0.000891	49.2
443	1.174357	335.980000	0.008811	0.001686	48.6
444	1.174357	336.980000	0.008786	0.000691	48.4
445	1.174357	337.980000	0.008762	0.001006	48.8
446	1.174357	337.970000	0.008762	0.001670	48.7
447	1.174357	338.970000	0.008738	0.000716	49.8
448	1.174357	339.970000	0.008714	0.000682	49.5
449	1.174357	339.960000	0.008714	0.000885	49.3
450	1.174357	339.950000	0.008714	0.001679	49.7
451	1.174357	340.950000	0.008690	0.000682	50.2
452	1.174357	341.950000	0.008666	0.001809	48.9
453	1.174357	341.940000	0.008666	0.001670	51.8
454	1.174357	342.940000	0.008642	0.000726	50.2
455	1.174357	343.940000	0.008619	0.000691	49.6
456	1.174357	343.930000	0.008619	0.000662	52.0
457	1.174357	343.920000	0.008619	0.001981	54.3
458	1.174357	344.920000	0.008596	0.000711	50.3
459	1.174357	345.920000	0.008572	0.000906	50.3
460	1.174357	345.910000	0.008573	0.001671	48.1
461	1.174357	346.910000	0.008549	0.000708	50.4
462	1.174357	347.910000	0.008526	0.000675	50.2
463	1.174357	347.900000	0.008526	0.000649	51.9
464	1.174357	347.890000	0.008527	0.001981	51.5
465	1.174357	348.890000	0.008503	0.001656	53.5
466	1.174357	349.890000	0.008481	0.000693	86.4
467	1.174357	349.880000	0.008481	0.001651	53.0
468	1.174357	350.880000	0.008458	0.001289	49.6
469	1.174357	351.880000	0.008435	0.000670	53.5
470	1.174357	351.870000	0.008436	0.001975	50.8
471	1.174357	352.870000	0.008413	0.000717	51.5
472	1.174357	353.870000	0.008391	0.000686	48.0
473	1.174357	353.860000	0.008391	0.000898	50.6
474	1.174357	353.850000	0.008391	0.001680	48.7
475	1.174357	354.850000	0.008369	0.000686	49.3
476	1.174357	355.850000	0.008346	0.000657	51.1
477	1.174357	355.840000	0.008347	0.001972	48.9
478	1.174357	356.840000	0.008325	0.001660	49.8
479	1.174357	357.840000	0.008303	0.000701	50.4
480	1.174357	357.830000	0.008303	0.000894	50.8
481	1.174357	357.820000	0.008303	0.001684	51.3
482	1.174357	358.820000	0.008281	0.000692	48.7
483	1.174357	359.820000	0.008259	0.000664	50.4
484	1.174357	359.810000	0.008260	0.001976	50.9
485	1.174357	360.810000	0.008238	0.000714	50.0
486	1.174357	361.810000	0.008216	0.000700	49.2
487	1.174357	361.800000	0.008217	0.000885	48.2
488	1.174357	361.790000	0.008217	0.001677	49.5
489	1.174357	362.790000	0.008195	0.000683	50.1
490	1.174357	363.790000	0.008174	0.000655	50.7
491	1.174357	363.780000	0.008174	0.002479	48.5
492	1.174357	364.780000	0.008153	0.000728	50.7
493	1.174357	365.780000	0.008132	0.000694	50.1
494	1.174357	365.770000	0.008132	0.000892	49.7
495	1.174357	365.760000	0.008133	0.001680	49.9
496	1.174357	366.760000	0.008112	0.000689	49.2
497	1.174357	367.760000	0.008091	0.000661	48.8
498	1.174357	367.750000	0.008091	0.002106	50.9
499	1.174357	368.750000	0.008070	0.001294	51.0
500	1.174357	369.750000	0.008050	0.000900	49.4
501	1.174357	369.740000	0.008050	0.001664	49.5
502	1.174357	370.740000	0.008029	0.000697	48.9
503	1.174357	371.740000	0.008009	0.000666	51.7
504	1.174357	371.730000	0.008009	0.002093	51.0
505	1.174357	372.730000	0.007989	0.001982	49.4
506	1.174357	373.730000	0.007968	0.000917	82.8
507	1.174357	373.720000	0.007969	0.001666	50.9
508	1.174357	374.720000	0.007948	0.000715	49.7
509	1.174357	375.720000	0.007928	0.000684	50.3
510	1.174357	375.710000	0.007929	0.000657	49.6
511	1.174357	375.700000	0.007929	0.001980	50.4
Time spent in resolution 2 (ITK initialization and iterating): 26.4
Stopping condition: Maximum number of iterations has been reached.
Settings of AdaptiveStochasticGradientDescent in resolution 2:
( SP_a 3.145349 )
( SP_A 20.000000 )
( SP_alpha 1.000000 )
( SigmoidMax 1.000000 )
( SigmoidMin -0.010000 )
( SigmoidScale 0.000000 )



=============== start of TransformParameterFile ===============
(CenterOfRotationPoint 89.3931413920626 84.48734072114652 25.959644479646343)
(Direction 1 0 0 0 1 0 0 0 1)
(FixedImageDimension 3)
(FixedInternalImagePixelType "float")
(HowToCombineTransforms "Compose")
(Index 0 0 0)
(InitialTransformParameterFileName "examples/affine_example/output/alignment_rigid_affine/TransformParameters.0.txt")
(MovingImageDimension 3)
(MovingInternalImagePixelType "float")
(NumberOfParameters 12)
(Origin 0 0 0)
(Size 180 160 40)
(Spacing 1 1 1)
(Transform "AffineTransform")
(TransformParameters 1.012111682258024 0.011457293656935572 -0.03242866699621782 0.02019563825687644 1.0213942504072038 -0.047967224184054774 -0.06271770180654011 -0.06504701452301714 1.1871648278957307 0.7043060760472246 0.934791809307472 -3.4503478788445543)
(UseDirectionCosines "true")

// ResampleInterpolator specific
(FinalBSplineInterpolationOrder 1)
(ResampleInterpolator "FinalBSplineInterpolator")

// Resampler specific
(CompressResultImage "false")
(DefaultPixelValue 0)
(Resampler "DefaultResampler")
(ResultImageFormat "tif")
(ResultImagePixelType "float")

=============== end of TransformParameterFile ===============

Creating the TransformParameterFile took 0.00s

Registration result checksum: 2916124423

Applying final transform ...
  Applying final transform took 0.10s

Final metric value  = 1.17436
Settings of AdaptiveStochasticGradientDescent for all resolutions:
( SP_a 3.173963 45.634439 3.145349 )
( SP_A 20.000000 20.000000 20.000000 )
( SP_alpha 1.000000 1.000000 1.000000 )
( SigmoidMax 1.000000 1.000000 1.000000 )
( SigmoidMin -0.010000 -0.010000 -0.010000 )
( SigmoidScale 0.000000 0.000000 0.000000 )

Time spent on saving the results, applying the final transform etc.: 96 ms.
Running elastix with parameter file 1: "examples/affine_example/affine.txt", has finished.


Current time: Fri Sep 18 12:40:08 2026.
Time used for running elastix with this parameter file:
  31.0s.

-------------------------------------------------------------------------

Total time elapsed: 58.3s.

